CNPJ;NOME;ENDEREÇO;COMPLEMENTO;BAIRRO;MUNICÍPIO;UF;PRODUTO;VALOR VENDA;DATA CADASTRO
00062780000102;AUTO POSTO PARATI;AVENIDA FILINTO MULLER,645;;CENTRO;TRES LAGOAS;MS;Gasolina C Comum;4,436;28/06/2018 17:49
00062780000102;AUTO POSTO PARATI;AVENIDA FILINTO MULLER,645;;CENTRO;TRES LAGOAS;MS;Etanol;3,482;28/06/2018 17:49
00062780000102;AUTO POSTO PARATI;AVENIDA FILINTO MULLER,645;;CENTRO;TRES LAGOAS;MS;Diesel S500;3,644;28/06/2018 17:49
00062780000102;AUTO POSTO PARATI;AVENIDA FILINTO MULLER,645;;CENTRO;TRES LAGOAS;MS;Diesel S10;3,734;28/06/2018 17:49
00300357000195;POSTO E TRANSPORTADORA PEGORARO;RODOVIA BR 163,S/N;KM 786;ZONA RURAL;COXIM;MS;Gasolina C Comum;4,59;05/07/2018 18:55
00300357000195;POSTO E TRANSPORTADORA PEGORARO;RODOVIA BR 163,S/N;KM 786;ZONA RURAL;COXIM;MS;Etanol;3,39;05/07/2018 18:55
00300357000195;POSTO E TRANSPORTADORA PEGORARO;RODOVIA BR 163,S/N;KM 786;ZONA RURAL;COXIM;MS;Diesel S500;3,669;05/07/2018 18:55
00300357000195;POSTO E TRANSPORTADORA PEGORARO;RODOVIA BR 163,S/N;KM 786;ZONA RURAL;COXIM;MS;Diesel S10;3,769;05/07/2018 18:55
00480284000160;POSTO CENTRAL;AVENIDA GUAXENDUBA,200;;CENTRO;SAO LUIS;MA;Gasolina C Comum;4,269;04/10/2018 16:25
00480284000160;POSTO CENTRAL;AVENIDA GUAXENDUBA,200;;CENTRO;SAO LUIS;MA;Diesel S10;3,694;04/10/2018 16:25
00593430000164;AUTO POSTO BRINATI; LINHA MC-06,6190;TERREO;INDUSTRIAL;MACHADINHO D'OESTE;RO;Gasolina C Comum;4,8;04/07/2018 17:51
00593430000164;AUTO POSTO BRINATI; LINHA MC-06,6190;TERREO;INDUSTRIAL;MACHADINHO D'OESTE;RO;Diesel S500;3,78;04/07/2018 17:51
00593430000245;AUTO POSTO BRINATI;LINHA SME 02,S/N;KM 72 - LOTE 01, QUADRA 01 - NÚCLEO SANTA MARIA;ZONA RURAL;MACHADINHO D'OESTE;RO;Gasolina C Comum;4,8;06/08/2018 18:01
00593430000245;AUTO POSTO BRINATI;LINHA SME 02,S/N;KM 72 - LOTE 01, QUADRA 01 - NÚCLEO SANTA MARIA;ZONA RURAL;MACHADINHO D'OESTE;RO;Diesel S500;3,81;06/08/2018 18:01
00860197000139;POSTO NOSSA SENHORA DA CONCEICAO;RUA EDUARDO SANTOS PEREIRA,601;;JARDIM BRASIL;CAMPO GRANDE;MS;Gasolina C Comum;3,998;23/07/2018 15:05
00860197000139;POSTO NOSSA SENHORA DA CONCEICAO;RUA EDUARDO SANTOS PEREIRA,601;;JARDIM BRASIL;CAMPO GRANDE;MS;Etanol;2,998;23/07/2018 15:05
00860197000139;POSTO NOSSA SENHORA DA CONCEICAO;RUA EDUARDO SANTOS PEREIRA,601;;JARDIM BRASIL;CAMPO GRANDE;MS;Diesel S500;3,399;23/07/2018 15:05
00860197000139;POSTO NOSSA SENHORA DA CONCEICAO;RUA EDUARDO SANTOS PEREIRA,601;;JARDIM BRASIL;CAMPO GRANDE;MS;Diesel S10;3,499;23/07/2018 15:05
00976256000139;CEU 070 COMBUSTIVEIS LTDA; LOTE 499 GLEBA 04 PROJ INTEG,S/N;ALEXANDRE GUSMAO;CEILANDIA;BRASILIA;DF;Gasolina C Comum;4,687;09/10/2018 16:51
00976256000139;CEU 070 COMBUSTIVEIS LTDA; LOTE 499 GLEBA 04 PROJ INTEG,S/N;ALEXANDRE GUSMAO;CEILANDIA;BRASILIA;DF;Diesel S500;3,799;09/10/2018 16:51
00976256000139;CEU 070 COMBUSTIVEIS LTDA; LOTE 499 GLEBA 04 PROJ INTEG,S/N;ALEXANDRE GUSMAO;CEILANDIA;BRASILIA;DF;Diesel S10;3,899;09/10/2018 16:51
00976256000139;CEU 070 COMBUSTIVEIS LTDA; LOTE 499 GLEBA 04 PROJ INTEG,S/N;ALEXANDRE GUSMAO;CEILANDIA;BRASILIA;DF;Etanol;3,299;09/10/2018 16:51
01109449000155;RODOCAMP AUTO SERVICE LTDA;AVENIDA MERCEDES BENZ,01;GLEBA 1                   QT 8907;DISTRITO INDUSTRIAL;CAMPINAS;SP;Gasolina C Comum;4,499;11/09/2018 11:16
01109449000155;RODOCAMP AUTO SERVICE LTDA;AVENIDA MERCEDES BENZ,01;GLEBA 1                   QT 8907;DISTRITO INDUSTRIAL;CAMPINAS;SP;Etanol;2,799;11/09/2018 11:16
01109449000155;RODOCAMP AUTO SERVICE LTDA;AVENIDA MERCEDES BENZ,01;GLEBA 1                   QT 8907;DISTRITO INDUSTRIAL;CAMPINAS;SP;GNV;2,299;20/06/2018 11:57
01109449000155;RODOCAMP AUTO SERVICE LTDA;AVENIDA MERCEDES BENZ,01;GLEBA 1                   QT 8907;DISTRITO INDUSTRIAL;CAMPINAS;SP;Diesel S500;3,699;11/09/2018 11:16
01109449000155;RODOCAMP AUTO SERVICE LTDA;AVENIDA MERCEDES BENZ,01;GLEBA 1                   QT 8907;DISTRITO INDUSTRIAL;CAMPINAS;SP;Diesel S10;3,799;11/09/2018 11:16
01138114000165;POSTO JK;RODOVIA BR 040 KM 102,S N;;;CRISTALINA;GO;Gasolina C Comum;4,84;01/11/2018 17:13
01138114000165;POSTO JK;RODOVIA BR 040 KM 102,S N;;;CRISTALINA;GO;Etanol;3,13;24/10/2018 11:15
01138114000165;POSTO JK;RODOVIA BR 040 KM 102,S N;;;CRISTALINA;GO;Diesel S500;3,73;01/11/2018 17:13
01138114000165;POSTO JK;RODOVIA BR 040 KM 102,S N;;;CRISTALINA;GO;Diesel S10;3,78;01/11/2018 17:13
01182484000108;POSTO CHAPARRAL;AVENIDA LINO SAMPAIO,83;;SAMPAIO;PIRES DO RIO;GO;Gasolina C Comum;4,72;10/08/2018 17:08
01182484000108;POSTO CHAPARRAL;AVENIDA LINO SAMPAIO,83;;SAMPAIO;PIRES DO RIO;GO;Etanol;2,99;10/08/2018 17:08
01182484000108;POSTO CHAPARRAL;AVENIDA LINO SAMPAIO,83;;SAMPAIO;PIRES DO RIO;GO;Diesel S500;3,49;10/08/2018 17:08
01182484000108;POSTO CHAPARRAL;AVENIDA LINO SAMPAIO,83;;SAMPAIO;PIRES DO RIO;GO;Diesel S10;3,59;10/08/2018 17:08
01308133000273;POSTO TRES FAZENDAS;RODOVIA BR 116,14219;;COSTEIRA;SAO JOSE DOS PINHAIS;PR;Gasolina C Comum;4,39;25/09/2018 09:18
01308133000273;POSTO TRES FAZENDAS;RODOVIA BR 116,14219;;COSTEIRA;SAO JOSE DOS PINHAIS;PR;Diesel S500;3,47;25/09/2018 09:18
01308133000273;POSTO TRES FAZENDAS;RODOVIA BR 116,14219;;COSTEIRA;SAO JOSE DOS PINHAIS;PR;Diesel S10;3,57;25/09/2018 09:18
01392476000188;POSTO MODELO;AVENIDA MANOEL INACIO PEIXOTO,624;;BEIRA RIO;CATAGUASES;MG;Gasolina C Comum;5,149;24/10/2018 11:30
01392476000188;POSTO MODELO;AVENIDA MANOEL INACIO PEIXOTO,624;;BEIRA RIO;CATAGUASES;MG;Etanol;3,369;24/10/2018 11:30
01392476000188;POSTO MODELO;AVENIDA MANOEL INACIO PEIXOTO,624;;BEIRA RIO;CATAGUASES;MG;Diesel S500;3,736;24/10/2018 11:30
01392476000188;POSTO MODELO;AVENIDA MANOEL INACIO PEIXOTO,624;;BEIRA RIO;CATAGUASES;MG;Diesel S10;3,999;24/10/2018 11:30
01416988000137;POSTO 10;RODOVIA BR 343 KM 10,S/N;;RODOVIA;TERESINA;PI;Gasolina C Comum;4,699;18/10/2018 17:37
01416988000137;POSTO 10;RODOVIA BR 343 KM 10,S/N;;RODOVIA;TERESINA;PI;Diesel S500;3,719;18/10/2018 17:37
01416988000137;POSTO 10;RODOVIA BR 343 KM 10,S/N;;RODOVIA;TERESINA;PI;Diesel S10;3,819;18/10/2018 17:37
01443559000159;ROGER SOUZA DA SILVA - EPP;ESTRADA BR 293 KM 108,SN;;ZONA URBANA;PINHEIRO MACHADO;RS;Gasolina C Comum;4,89;14/08/2018 20:10
01443559000159;ROGER SOUZA DA SILVA - EPP;ESTRADA BR 293 KM 108,SN;;ZONA URBANA;PINHEIRO MACHADO;RS;Diesel S500;3,23;14/08/2018 20:10
01443559000159;ROGER SOUZA DA SILVA - EPP;ESTRADA BR 293 KM 108,SN;;ZONA URBANA;PINHEIRO MACHADO;RS;Diesel S10;3,45;14/08/2018 20:10
01574763000109;AUTO POSTO MUTUM LTDA;RODOVIA BR 262,S/N;KM 175;ZONA RURAL;RIBAS DO RIO PARDO;MS;Gasolina C Comum;4,646;11/07/2018 10:01
01574763000109;AUTO POSTO MUTUM LTDA;RODOVIA BR 262,S/N;KM 175;ZONA RURAL;RIBAS DO RIO PARDO;MS;Etanol;3,456;11/07/2018 10:01
01574763000109;AUTO POSTO MUTUM LTDA;RODOVIA BR 262,S/N;KM 175;ZONA RURAL;RIBAS DO RIO PARDO;MS;Diesel S500;3,346;11/07/2018 10:01
01574763000109;AUTO POSTO MUTUM LTDA;RODOVIA BR 262,S/N;KM 175;ZONA RURAL;RIBAS DO RIO PARDO;MS;Diesel S10;3,406;11/07/2018 10:01
01935272000146;POSTOS MOURA;RODOVIA BR 232,204;KM    182;SANTO ANTONIO;BELO JARDIM;PE;Gasolina C Comum;4,439;04/07/2018 15:28
01935272000146;POSTOS MOURA;RODOVIA BR 232,204;KM    182;SANTO ANTONIO;BELO JARDIM;PE;Etanol;3,499;04/07/2018 15:28
01935272000146;POSTOS MOURA;RODOVIA BR 232,204;KM    182;SANTO ANTONIO;BELO JARDIM;PE;Diesel S500;3,369;04/07/2018 15:28
01935272000146;POSTOS MOURA;RODOVIA BR 232,204;KM    182;SANTO ANTONIO;BELO JARDIM;PE;Diesel S10;3,389;04/07/2018 15:28
02056229000173;POSTO FRANKLIN REZENDE LTDA;RODOVIA MG 367,S/N;KM 278;ZONA RURAL;ARACUAI;MG;Gasolina C Comum;5,48;16/10/2018 09:58
02056229000173;POSTO FRANKLIN REZENDE LTDA;RODOVIA MG 367,S/N;KM 278;ZONA RURAL;ARACUAI;MG;Etanol;3,48;16/10/2018 09:58
02056229000173;POSTO FRANKLIN REZENDE LTDA;RODOVIA MG 367,S/N;KM 278;ZONA RURAL;ARACUAI;MG;Diesel S500;4,07;16/10/2018 09:58
02056229000173;POSTO FRANKLIN REZENDE LTDA;RODOVIA MG 367,S/N;KM 278;ZONA RURAL;ARACUAI;MG;Diesel S10;4,12;16/10/2018 09:58
02078330000125;SAO MARTINHO AUTO SERVICE LTDA;AVENIDA SAO JOSE DOS CAMPOS,2500;;JD NOVA EUROPA;CAMPINAS;SP;Gasolina C Comum;4,499;11/09/2018 11:21
02078330000125;SAO MARTINHO AUTO SERVICE LTDA;AVENIDA SAO JOSE DOS CAMPOS,2500;;JD NOVA EUROPA;CAMPINAS;SP;Etanol;2,799;11/09/2018 11:21
02078330000125;SAO MARTINHO AUTO SERVICE LTDA;AVENIDA SAO JOSE DOS CAMPOS,2500;;JD NOVA EUROPA;CAMPINAS;SP;Diesel S500;3,699;11/09/2018 11:21
02078330000125;SAO MARTINHO AUTO SERVICE LTDA;AVENIDA SAO JOSE DOS CAMPOS,2500;;JD NOVA EUROPA;CAMPINAS;SP;Diesel S10;3,799;11/09/2018 11:21
02308408000150;POSTO DE COMBUSTIVEL DA FIGUEIRA LTDA;RODOVIA RS 040 KM 18,3536;;AGUAS CLARAS;VIAMAO;RS;Gasolina C Comum;4,999;05/10/2018 09:30
02308408000150;POSTO DE COMBUSTIVEL DA FIGUEIRA LTDA;RODOVIA RS 040 KM 18,3536;;AGUAS CLARAS;VIAMAO;RS;Etanol;3,999;05/10/2018 09:30
02308408000150;POSTO DE COMBUSTIVEL DA FIGUEIRA LTDA;RODOVIA RS 040 KM 18,3536;;AGUAS CLARAS;VIAMAO;RS;GNV;3,399;05/10/2018 09:30
02308408000150;POSTO DE COMBUSTIVEL DA FIGUEIRA LTDA;RODOVIA RS 040 KM 18,3536;;AGUAS CLARAS;VIAMAO;RS;Diesel S500;3,699;05/10/2018 09:30
02308408000150;POSTO DE COMBUSTIVEL DA FIGUEIRA LTDA;RODOVIA RS 040 KM 18,3536;;AGUAS CLARAS;VIAMAO;RS;Diesel S10;3,799;05/10/2018 09:30
02315421000137;POSTO 1350 LTDA;RUA HEITOR LIBERATO,2430;;SAO JOAO;ITAJAI;SC;Gasolina C Comum;3,799;14/08/2018 12:18
02315421000137;POSTO 1350 LTDA;RUA HEITOR LIBERATO,2430;;SAO JOAO;ITAJAI;SC;Etanol;3,299;14/08/2018 12:18
02315421000137;POSTO 1350 LTDA;RUA HEITOR LIBERATO,2430;;SAO JOAO;ITAJAI;SC;Diesel S10;3,299;14/08/2018 12:18
02433811000101;POSTO NAVES;RODOVIA BR 153,S/N;KM 722;CENTRO;FIGUEIROPOLIS;TO;Gasolina C Comum;4,899;11/07/2018 12:43
02433811000101;POSTO NAVES;RODOVIA BR 153,S/N;KM 722;CENTRO;FIGUEIROPOLIS;TO;Etanol;3,899;11/07/2018 12:43
02433811000101;POSTO NAVES;RODOVIA BR 153,S/N;KM 722;CENTRO;FIGUEIROPOLIS;TO;Diesel S500;3,639;11/07/2018 12:43
02433811000101;POSTO NAVES;RODOVIA BR 153,S/N;KM 722;CENTRO;FIGUEIROPOLIS;TO;Diesel S10;3,739;11/07/2018 12:43
02455511000123;AUTO POSTO 020;RODOVIA BR 020,SN;KM    30;DISTRITO DO BEZERRA;FORMOSA;GO;Gasolina C Comum;4,979;03/10/2018 18:50
02455511000123;AUTO POSTO 020;RODOVIA BR 020,SN;KM    30;DISTRITO DO BEZERRA;FORMOSA;GO;Etanol;3,129;29/10/2018 17:38
02455511000123;AUTO POSTO 020;RODOVIA BR 020,SN;KM    30;DISTRITO DO BEZERRA;FORMOSA;GO;Diesel S500;3,629;03/11/2018 17:48
02455511000123;AUTO POSTO 020;RODOVIA BR 020,SN;KM    30;DISTRITO DO BEZERRA;FORMOSA;GO;Diesel S10;3,684;03/11/2018 17:48
02513158000190;POSTO CENTRAL HS;AVENIDA ADELINO AMÉRICO DE AZEVEDO,161/163;;CENTRO;PORANGATU;GO;Gasolina C Comum;4,74;31/10/2018 14:49
02513158000190;POSTO CENTRAL HS;AVENIDA ADELINO AMÉRICO DE AZEVEDO,161/163;;CENTRO;PORANGATU;GO;Etanol;3,078;31/10/2018 14:49
02513158000190;POSTO CENTRAL HS;AVENIDA ADELINO AMÉRICO DE AZEVEDO,161/163;;CENTRO;PORANGATU;GO;Diesel S500;3,79;31/10/2018 14:49
02513158000190;POSTO CENTRAL HS;AVENIDA ADELINO AMÉRICO DE AZEVEDO,161/163;;CENTRO;PORANGATU;GO;Diesel S10;3,895;31/10/2018 14:49
02562482000107;POSTO ITAMARATY LEME;AVENIDA VISCONDE DE NOVA GRANADA,1500;;VILA GROSSKLAUSS;LEME;SP;Gasolina C Comum;4,279;14/07/2018 14:47
02562482000107;POSTO ITAMARATY LEME;AVENIDA VISCONDE DE NOVA GRANADA,1500;;VILA GROSSKLAUSS;LEME;SP;Etanol;2,459;14/07/2018 14:47
02737116000133;AUTO POSTO RIO BRANCO DE ANDRADAS LTDA;RUA CEL OLIVEIRA,786;;CENTRO;ANDRADAS;MG;Gasolina C Comum;4,949;31/10/2018 15:54
02737116000133;AUTO POSTO RIO BRANCO DE ANDRADAS LTDA;RUA CEL OLIVEIRA,786;;CENTRO;ANDRADAS;MG;Etanol;2,979;31/10/2018 15:54
02737116000133;AUTO POSTO RIO BRANCO DE ANDRADAS LTDA;RUA CEL OLIVEIRA,786;;CENTRO;ANDRADAS;MG;Diesel S500;3,719;31/10/2018 15:54
02737116000133;AUTO POSTO RIO BRANCO DE ANDRADAS LTDA;RUA CEL OLIVEIRA,786;;CENTRO;ANDRADAS;MG;Diesel S10;3,769;31/10/2018 15:54
02930356000150;AUTO POSTO TOCANTINS;AVENIDA BERNARDO SAYAO,3160;;CENTRO;GUARAI;TO;Gasolina C Comum;4,799;13/07/2018 12:02
02930356000150;AUTO POSTO TOCANTINS;AVENIDA BERNARDO SAYAO,3160;;CENTRO;GUARAI;TO;Diesel S500;3,449;13/07/2018 12:02
02930356000150;AUTO POSTO TOCANTINS;AVENIDA BERNARDO SAYAO,3160;;CENTRO;GUARAI;TO;Diesel S10;3,499;13/07/2018 12:02
03006726000120;POSTO PILOTO;AVENIDA AFONSO PENA,800;;AMAMBAI;CAMPO GRANDE;MS;Gasolina C Comum;4,097;29/06/2018 10:10
03006726000120;POSTO PILOTO;AVENIDA AFONSO PENA,800;;AMAMBAI;CAMPO GRANDE;MS;Etanol;3,297;29/06/2018 10:10
03006726000120;POSTO PILOTO;AVENIDA AFONSO PENA,800;;AMAMBAI;CAMPO GRANDE;MS;Diesel S10;3,587;29/06/2018 10:10
03096030000131;POSTO ALTO ALEGRE;AVENIDA TANCREDO NEVES,S/N;;CENTRO;ALTO ALEGRE DOS PARECIS;RO;Gasolina C Comum;4,85;11/07/2018 09:33
03096030000131;POSTO ALTO ALEGRE;AVENIDA TANCREDO NEVES,S/N;;CENTRO;ALTO ALEGRE DOS PARECIS;RO;Diesel S500;3,75;11/07/2018 09:33
03096030000131;POSTO ALTO ALEGRE;AVENIDA TANCREDO NEVES,S/N;;CENTRO;ALTO ALEGRE DOS PARECIS;RO;Diesel S10;3,8;11/07/2018 09:33
03121901000120;POSTO SAVANA;RODOVIA BR-163,17846;;CHACARA DAS MANSOES;CAMPO GRANDE;MS;Gasolina C Comum;4,199;05/07/2018 10:38
03121901000120;POSTO SAVANA;RODOVIA BR-163,17846;;CHACARA DAS MANSOES;CAMPO GRANDE;MS;Etanol;2,999;06/07/2018 08:42
03121901000120;POSTO SAVANA;RODOVIA BR-163,17846;;CHACARA DAS MANSOES;CAMPO GRANDE;MS;Diesel S500;3,39;05/07/2018 10:38
03121901000120;POSTO SAVANA;RODOVIA BR-163,17846;;CHACARA DAS MANSOES;CAMPO GRANDE;MS;Diesel S10;3,49;05/07/2018 10:38
03200588000115;POSTO SAFRA LTDA;RODOVIA SC-480, CHAPECO GOIO-EN,943;E, FRENTE;QUEDAS DO PALMITAL;CHAPECO;SC;Gasolina C Comum;4,449;25/09/2018 08:59
03200588000115;POSTO SAFRA LTDA;RODOVIA SC-480, CHAPECO GOIO-EN,943;E, FRENTE;QUEDAS DO PALMITAL;CHAPECO;SC;Diesel S500;3,399;25/09/2018 08:59
03200588000115;POSTO SAFRA LTDA;RODOVIA SC-480, CHAPECO GOIO-EN,943;E, FRENTE;QUEDAS DO PALMITAL;CHAPECO;SC;Diesel S10;3,469;25/09/2018 08:59
03572731000108;GLOBO COMBUSTIVEIS;RUA SENADOR SOUZA NAVES,720;;CENTRO;SERTANOPOLIS;PR;Gasolina C Comum;4,649;12/07/2018 09:21
03572731000108;GLOBO COMBUSTIVEIS;RUA SENADOR SOUZA NAVES,720;;CENTRO;SERTANOPOLIS;PR;Etanol;2,99;12/07/2018 09:21
03572731000108;GLOBO COMBUSTIVEIS;RUA SENADOR SOUZA NAVES,720;;CENTRO;SERTANOPOLIS;PR;Diesel S500;3,33;12/07/2018 09:21
03572731000108;GLOBO COMBUSTIVEIS;RUA SENADOR SOUZA NAVES,720;;CENTRO;SERTANOPOLIS;PR;Diesel S10;3,42;12/07/2018 09:21
03572866000165;AUTO POSTO POROROCA XV;AVENIDA BANDEIRANTES,2390;;VILA BANDEIRANTES;CAMPO GRANDE;MS;Gasolina C Comum;4,099;17/07/2018 14:29
03572866000165;AUTO POSTO POROROCA XV;AVENIDA BANDEIRANTES,2390;;VILA BANDEIRANTES;CAMPO GRANDE;MS;Etanol;2,999;17/07/2018 14:29
03572866000165;AUTO POSTO POROROCA XV;AVENIDA BANDEIRANTES,2390;;VILA BANDEIRANTES;CAMPO GRANDE;MS;Diesel S500;3,389;17/07/2018 14:29
03572866000165;AUTO POSTO POROROCA XV;AVENIDA BANDEIRANTES,2390;;VILA BANDEIRANTES;CAMPO GRANDE;MS;Diesel S10;3,459;17/07/2018 14:29
03734859000112;POSTO UNIAO;RUA JOSE DE ALENCAR LEITE,37;;CENTRO;SANTO ANTONIO DE PADUA;RJ;Gasolina C Comum;5,399;09/10/2018 11:25
03734859000112;POSTO UNIAO;RUA JOSE DE ALENCAR LEITE,37;;CENTRO;SANTO ANTONIO DE PADUA;RJ;Etanol;3,499;09/10/2018 11:25
03734859000112;POSTO UNIAO;RUA JOSE DE ALENCAR LEITE,37;;CENTRO;SANTO ANTONIO DE PADUA;RJ;Diesel S500;3,75;09/10/2018 11:25
03734859000112;POSTO UNIAO;RUA JOSE DE ALENCAR LEITE,37;;CENTRO;SANTO ANTONIO DE PADUA;RJ;Diesel S10;3,85;09/10/2018 11:25
03754107000113;AUTO POSTO IRMAOS LEITE;AVENIDA JK,3525;BR 364 KM 426;SETOR INDUSTRIAL;JARU;RO;Diesel S500;4,05;13/09/2018 19:32
03754107000113;AUTO POSTO IRMAOS LEITE;AVENIDA JK,3525;BR 364 KM 426;SETOR INDUSTRIAL;JARU;RO;Diesel S10;4,15;13/09/2018 19:32
03754107000113;AUTO POSTO IRMAOS LEITE;AVENIDA JK,3525;BR 364 KM 426;SETOR INDUSTRIAL;JARU;RO;Gasolina C Comum;4,88;13/09/2018 19:32
03754107000113;AUTO POSTO IRMAOS LEITE;AVENIDA JK,3525;BR 364 KM 426;SETOR INDUSTRIAL;JARU;RO;Etanol;4,04;13/09/2018 19:32
03763006000109;AUTO POSTO PUMA;AVENIDA JOAO BATISTA FIGUEIREDO,2636;;CENTRO;SAO MIGUEL DO GUAPORE;RO;Gasolina C Comum;4,85;29/06/2018 16:28
03763006000109;AUTO POSTO PUMA;AVENIDA JOAO BATISTA FIGUEIREDO,2636;;CENTRO;SAO MIGUEL DO GUAPORE;RO;Etanol;4,29;29/06/2018 16:28
03763006000109;AUTO POSTO PUMA;AVENIDA JOAO BATISTA FIGUEIREDO,2636;;CENTRO;SAO MIGUEL DO GUAPORE;RO;Diesel S500;3,79;29/06/2018 16:28
03763006000109;AUTO POSTO PUMA;AVENIDA JOAO BATISTA FIGUEIREDO,2636;;CENTRO;SAO MIGUEL DO GUAPORE;RO;Diesel S10;3,84;29/06/2018 16:28
03807435000130;AUTO POSTO PEROBINHA;AVENIDA ANTONIO JOAQUIM DE MOURA ANDRADE,1100;;CENTRO;NOVA ANDRADINA;MS;Gasolina C Comum;4,759;13/09/2018 08:50
03807435000130;AUTO POSTO PEROBINHA;AVENIDA ANTONIO JOAQUIM DE MOURA ANDRADE,1100;;CENTRO;NOVA ANDRADINA;MS;Etanol;3,519;16/10/2018 10:08
03807435000130;AUTO POSTO PEROBINHA;AVENIDA ANTONIO JOAQUIM DE MOURA ANDRADE,1100;;CENTRO;NOVA ANDRADINA;MS;Diesel S500;3,839;08/10/2018 16:53
03807435000130;AUTO POSTO PEROBINHA;AVENIDA ANTONIO JOAQUIM DE MOURA ANDRADE,1100;;CENTRO;NOVA ANDRADINA;MS;Diesel S10;3,929;08/10/2018 16:53
03822836000160;POSTO EUROGAZ;AVENIDA GOVERNADOR LEONEL DE MOURA BRIZOLA,933B;;CENTRO;DUQUE DE CAXIAS;RJ;Gasolina C Comum;4,99;12/07/2018 15:51
03822836000160;POSTO EUROGAZ;AVENIDA GOVERNADOR LEONEL DE MOURA BRIZOLA,933B;;CENTRO;DUQUE DE CAXIAS;RJ;Etanol;3,49;12/07/2018 15:51
03822836000160;POSTO EUROGAZ;AVENIDA GOVERNADOR LEONEL DE MOURA BRIZOLA,933B;;CENTRO;DUQUE DE CAXIAS;RJ;GNV;2,799;12/07/2018 15:51
03822836000160;POSTO EUROGAZ;AVENIDA GOVERNADOR LEONEL DE MOURA BRIZOLA,933B;;CENTRO;DUQUE DE CAXIAS;RJ;Diesel S10;3,53;12/07/2018 15:51
03922066000127;POSTO F1 RACING LTDA;AVENIDA 22 DE MAIO,2952;LOTE 05, QUADRA 05;LOTEAMENTO SANTO EXPEDITO / 1º DISTRITO;ITABORAI;RJ;Gasolina C Comum;5,199;17/09/2018 07:41
03922066000127;POSTO F1 RACING LTDA;AVENIDA 22 DE MAIO,2952;LOTE 05, QUADRA 05;LOTEAMENTO SANTO EXPEDITO / 1º DISTRITO;ITABORAI;RJ;Etanol;3,399;17/09/2018 07:41
03922066000127;POSTO F1 RACING LTDA;AVENIDA 22 DE MAIO,2952;LOTE 05, QUADRA 05;LOTEAMENTO SANTO EXPEDITO / 1º DISTRITO;ITABORAI;RJ;GNV;2,899;17/09/2018 07:41
03922066000127;POSTO F1 RACING LTDA;AVENIDA 22 DE MAIO,2952;LOTE 05, QUADRA 05;LOTEAMENTO SANTO EXPEDITO / 1º DISTRITO;ITABORAI;RJ;Diesel S500;3,759;17/09/2018 07:41
03922066000127;POSTO F1 RACING LTDA;AVENIDA 22 DE MAIO,2952;LOTE 05, QUADRA 05;LOTEAMENTO SANTO EXPEDITO / 1º DISTRITO;ITABORAI;RJ;Diesel S10;3,799;17/09/2018 07:41
03927792000132;POSTO CARRETAO;AVENIDA SAO LUIZ,100;;JD SAO LUIZ;CACERES;MT;Gasolina C Comum;4,73;19/09/2018 18:26
03927792000132;POSTO CARRETAO;AVENIDA SAO LUIZ,100;;JD SAO LUIZ;CACERES;MT;Etanol;2,95;19/09/2018 18:26
03927792000132;POSTO CARRETAO;AVENIDA SAO LUIZ,100;;JD SAO LUIZ;CACERES;MT;Diesel S500;3,92;19/09/2018 18:26
03927792000132;POSTO CARRETAO;AVENIDA SAO LUIZ,100;;JD SAO LUIZ;CACERES;MT;Diesel S10;3,99;19/09/2018 18:26
04253381000171;POSTO MAGUARI LTDA;RODOVIA AUGUSTO MONTENEGRO,SN;KM    09                  CONJ  MAGUARI;COQUEIRO;BELEM;PA;Gasolina C Comum;4,599;29/08/2018 12:12
04253381000171;POSTO MAGUARI LTDA;RODOVIA AUGUSTO MONTENEGRO,SN;KM    09                  CONJ  MAGUARI;COQUEIRO;BELEM;PA;Etanol;3,499;29/08/2018 12:12
04253381000171;POSTO MAGUARI LTDA;RODOVIA AUGUSTO MONTENEGRO,SN;KM    09                  CONJ  MAGUARI;COQUEIRO;BELEM;PA;Diesel S10;3,599;29/08/2018 12:12
04687124000148;AUTO POSTO BURITIS;AVENIDA AIRTON SENA,1284;;SETOR 02;BURITIS;RO;Gasolina C Comum;4,81;21/08/2018 12:39
04687124000148;AUTO POSTO BURITIS;AVENIDA AIRTON SENA,1284;;SETOR 02;BURITIS;RO;Etanol;4,51;21/08/2018 12:39
04687124000148;AUTO POSTO BURITIS;AVENIDA AIRTON SENA,1284;;SETOR 02;BURITIS;RO;Diesel S500;3,86;04/09/2018 11:47
04687124000148;AUTO POSTO BURITIS;AVENIDA AIRTON SENA,1284;;SETOR 02;BURITIS;RO;Diesel S10;3,96;04/09/2018 11:47
04687124000229;AUTO POSTO MODELO;AVENIDA PORTO VELHO,810;;SETOR 1;BURITIS;RO;Gasolina C Comum;4,95;04/09/2018 11:53
04687124000229;AUTO POSTO MODELO;AVENIDA PORTO VELHO,810;;SETOR 1;BURITIS;RO;Etanol;4,15;21/08/2018 16:44
04687124000229;AUTO POSTO MODELO;AVENIDA PORTO VELHO,810;;SETOR 1;BURITIS;RO;Diesel S500;3,86;04/09/2018 11:53
04687124000229;AUTO POSTO MODELO;AVENIDA PORTO VELHO,810;;SETOR 1;BURITIS;RO;Diesel S10;3,96;04/09/2018 11:53
04785105000154;VALENCA AUTO SERVICE LTDA.;RUA MARIA LUCIA DE CASTRO,25;;PQ. VALENCA;CAMPINAS;SP;Gasolina C Comum;4,499;11/09/2018 11:19
04785105000154;VALENCA AUTO SERVICE LTDA.;RUA MARIA LUCIA DE CASTRO,25;;PQ. VALENCA;CAMPINAS;SP;Etanol;2,699;11/09/2018 11:19
04785105000154;VALENCA AUTO SERVICE LTDA.;RUA MARIA LUCIA DE CASTRO,25;;PQ. VALENCA;CAMPINAS;SP;Diesel S500;3,699;11/09/2018 11:19
04785105000154;VALENCA AUTO SERVICE LTDA.;RUA MARIA LUCIA DE CASTRO,25;;PQ. VALENCA;CAMPINAS;SP;Diesel S10;3,799;11/09/2018 11:19
04816108000108;POSTO PALACIO GUANABARA LTDA;RUA PINHEIRO MACHADO,83;83/FUNDOS;LARANJEIRAS;RIO DE JANEIRO;RJ;Gasolina C Comum;5,149;01/11/2018 11:22
04816108000108;POSTO PALACIO GUANABARA LTDA;RUA PINHEIRO MACHADO,83;83/FUNDOS;LARANJEIRAS;RIO DE JANEIRO;RJ;Etanol;3,899;01/11/2018 11:22
04816108000108;POSTO PALACIO GUANABARA LTDA;RUA PINHEIRO MACHADO,83;83/FUNDOS;LARANJEIRAS;RIO DE JANEIRO;RJ;Diesel S10;3,889;01/11/2018 11:22
04816108000108;POSTO PALACIO GUANABARA LTDA;RUA PINHEIRO MACHADO,83;83/FUNDOS;LARANJEIRAS;RIO DE JANEIRO;RJ;GNV;2,799;01/11/2018 11:22
04825319000107;POSTO AUTOCAR;RUA EMILIA DOS SANTOS,47;ESQ RUA INDAIAL;SAO JOAO;ITAJAI;SC;Gasolina C Comum;3,779;14/08/2018 12:52
04825319000107;POSTO AUTOCAR;RUA EMILIA DOS SANTOS,47;ESQ RUA INDAIAL;SAO JOAO;ITAJAI;SC;Etanol;3,099;14/08/2018 12:52
04825319000107;POSTO AUTOCAR;RUA EMILIA DOS SANTOS,47;ESQ RUA INDAIAL;SAO JOAO;ITAJAI;SC;Diesel S10;3,398;14/08/2018 12:52
04878675000199;AUTO POSTO SAO CRISTOVAO;AVENIDA PREFEITO OLAVO GOMES DE OLIVEIRA,5377;;BELA VISTA;POUSO ALEGRE;MG;Gasolina C Comum;5,094;01/10/2018 17:10
04878675000199;AUTO POSTO SAO CRISTOVAO;AVENIDA PREFEITO OLAVO GOMES DE OLIVEIRA,5377;;BELA VISTA;POUSO ALEGRE;MG;Etanol;3,096;01/10/2018 17:10
04878675000199;AUTO POSTO SAO CRISTOVAO;AVENIDA PREFEITO OLAVO GOMES DE OLIVEIRA,5377;;BELA VISTA;POUSO ALEGRE;MG;Diesel S500;3,79;01/10/2018 17:10
04878675000199;AUTO POSTO SAO CRISTOVAO;AVENIDA PREFEITO OLAVO GOMES DE OLIVEIRA,5377;;BELA VISTA;POUSO ALEGRE;MG;Diesel S10;3,85;01/10/2018 17:10
04982983000160;POSTO 10;AVENIDA PORTO CARREIRO,1566;;AEROPORTO;CORUMBA;MS;Gasolina C Comum;4,72;03/11/2018 10:44
04982983000160;POSTO 10;AVENIDA PORTO CARREIRO,1566;;AEROPORTO;CORUMBA;MS;Etanol;3,59;03/11/2018 10:44
04982983000160;POSTO 10;AVENIDA PORTO CARREIRO,1566;;AEROPORTO;CORUMBA;MS;Diesel S500;3,85;03/11/2018 10:44
04982983000160;POSTO 10;AVENIDA PORTO CARREIRO,1566;;AEROPORTO;CORUMBA;MS;Diesel S10;3,89;03/11/2018 10:44
05037623000152;AUTO POSTO TIO SAM LTDA;RODOVIA BR 163,S/N;KM 20,5;ZONA RURAL;MUNDO NOVO;MS;Gasolina C Comum;4,799;12/10/2018 12:15
05037623000152;AUTO POSTO TIO SAM LTDA;RODOVIA BR 163,S/N;KM 20,5;ZONA RURAL;MUNDO NOVO;MS;Etanol;3,499;12/10/2018 12:15
05037623000152;AUTO POSTO TIO SAM LTDA;RODOVIA BR 163,S/N;KM 20,5;ZONA RURAL;MUNDO NOVO;MS;Diesel S500;3,499;04/10/2018 12:11
05037623000152;AUTO POSTO TIO SAM LTDA;RODOVIA BR 163,S/N;KM 20,5;ZONA RURAL;MUNDO NOVO;MS;Diesel S10;3,559;04/10/2018 12:11
05357865000123;BAIRRO NOVO AUTO POSTO LTDA;RODOVIA BR-364,S/N;"KM: 720;";AEROCLUBE;PORTO VELHO;RO;Gasolina C Comum;4,429;26/07/2018 15:47
05357865000123;BAIRRO NOVO AUTO POSTO LTDA;RODOVIA BR-364,S/N;"KM: 720;";AEROCLUBE;PORTO VELHO;RO;Diesel S10;3,556;26/07/2018 15:47
05374546000126;POSTO TITAN;ESTRADA L,S/N;SÍTIO DA SERRA;NOVO CAVALEIROS;MACAE;RJ;Gasolina C Comum;5,09;04/07/2018 13:01
05374546000126;POSTO TITAN;ESTRADA L,S/N;SÍTIO DA SERRA;NOVO CAVALEIROS;MACAE;RJ;Etanol;3,59;04/07/2018 13:01
05374546000126;POSTO TITAN;ESTRADA L,S/N;SÍTIO DA SERRA;NOVO CAVALEIROS;MACAE;RJ;Diesel S500;3,59;04/07/2018 13:01
05374546000126;POSTO TITAN;ESTRADA L,S/N;SÍTIO DA SERRA;NOVO CAVALEIROS;MACAE;RJ;Diesel S10;3,65;04/07/2018 13:01
05593306000112;AUTO POSTO JOWAL;RODOVIA MC-03, ESQUINA COM AV. TANCREDO NEVES,2871;;CENTRO;MACHADINHO D'OESTE;RO;Gasolina C Comum;4,8;04/07/2018 17:35
05593306000112;AUTO POSTO JOWAL;RODOVIA MC-03, ESQUINA COM AV. TANCREDO NEVES,2871;;CENTRO;MACHADINHO D'OESTE;RO;Etanol;4,43;04/07/2018 17:35
05593306000112;AUTO POSTO JOWAL;RODOVIA MC-03, ESQUINA COM AV. TANCREDO NEVES,2871;;CENTRO;MACHADINHO D'OESTE;RO;Diesel S500;3,78;04/07/2018 17:35
05593306000112;AUTO POSTO JOWAL;RODOVIA MC-03, ESQUINA COM AV. TANCREDO NEVES,2871;;CENTRO;MACHADINHO D'OESTE;RO;Diesel S10;3,86;04/07/2018 17:35
05675515000105;POSTO CENTRO SUL;RUA JOÃO GUALBERTO,237;;CENTRO;PALMAS;PR;Gasolina C Comum;4,56;16/07/2018 11:13
05675515000105;POSTO CENTRO SUL;RUA JOÃO GUALBERTO,237;;CENTRO;PALMAS;PR;Etanol;3,18;16/07/2018 11:13
05675515000105;POSTO CENTRO SUL;RUA JOÃO GUALBERTO,237;;CENTRO;PALMAS;PR;Diesel S10;3,35;16/07/2018 11:13
05843222000190;POSTO BARREIRINHAS;RUA LAURO SODRE,520; ;SÃO JOSE;TUCURUI;PA;Gasolina C Comum;5,17;08/10/2018 17:13
05843222000190;POSTO BARREIRINHAS;RUA LAURO SODRE,520; ;SÃO JOSE;TUCURUI;PA;Diesel S10;4,16;08/10/2018 17:13
06039710000101;L V L COMÉRCIO DE COMBUSTÍVEIS LTDA.;RODOVIA ESTADUAL RS 122,S/N;KM 23;BELA VISTA;BOM PRINCIPIO;RS;Gasolina C Comum;4,399;22/08/2018 18:28
06039710000101;L V L COMÉRCIO DE COMBUSTÍVEIS LTDA.;RODOVIA ESTADUAL RS 122,S/N;KM 23;BELA VISTA;BOM PRINCIPIO;RS;Diesel S500;3,099;22/08/2018 18:28
06039710000101;L V L COMÉRCIO DE COMBUSTÍVEIS LTDA.;RODOVIA ESTADUAL RS 122,S/N;KM 23;BELA VISTA;BOM PRINCIPIO;RS;Diesel S10;3,149;22/08/2018 18:28
06050724000126;AUTO POSTO VILA RICA;RODOVIA BR-020 KM 87,SN;;VILA BOA;VILA BOA;GO;Gasolina C Comum;4,999;03/10/2018 20:16
06050724000126;AUTO POSTO VILA RICA;RODOVIA BR-020 KM 87,SN;;VILA BOA;VILA BOA;GO;Etanol;2,999;03/10/2018 19:13
06050724000126;AUTO POSTO VILA RICA;RODOVIA BR-020 KM 87,SN;;VILA BOA;VILA BOA;GO;Diesel S500;3,849;03/10/2018 19:13
06269773000154;REVENDEDORA SOPETRO LTDA;AVENIDA BEIRA MAR,170;;CENTRO;SAO LUIS;MA;Gasolina C Comum;4,699;09/10/2018 18:22
06269773000154;REVENDEDORA SOPETRO LTDA;AVENIDA BEIRA MAR,170;;CENTRO;SAO LUIS;MA;Diesel S10;3,899;09/10/2018 18:22
06294288000130;POSTO KATIA LOCATELLI;AVENIDA COSTA E SILVA,14;;JARDIM AMERICA;CAMPO GRANDE;MS;Gasolina C Comum;4,297;13/09/2018 13:12
06294288000130;POSTO KATIA LOCATELLI;AVENIDA COSTA E SILVA,14;;JARDIM AMERICA;CAMPO GRANDE;MS;Etanol;3,297;16/10/2018 15:43
06294288000130;POSTO KATIA LOCATELLI;AVENIDA COSTA E SILVA,14;;JARDIM AMERICA;CAMPO GRANDE;MS;Diesel S500;3,787;17/10/2018 09:54
06294288000130;POSTO KATIA LOCATELLI;AVENIDA COSTA E SILVA,14;;JARDIM AMERICA;CAMPO GRANDE;MS;Diesel S10;3,897;17/10/2018 09:54
06303970000142;AUTO POSTO PONTE METÁLICA;PRACA MARTINS AFONSO,78;;CENTRO;GUARATINGUETA;SP;Gasolina C Comum;4,399;17/09/2018 17:19
06303970000142;AUTO POSTO PONTE METÁLICA;PRACA MARTINS AFONSO,78;;CENTRO;GUARATINGUETA;SP;Etanol;2,899;22/10/2018 09:53
06303970000142;AUTO POSTO PONTE METÁLICA;PRACA MARTINS AFONSO,78;;CENTRO;GUARATINGUETA;SP;Diesel S10;3,775;22/10/2018 09:53
06341746000145;POSTO PALMEIRA;RODOVIA CUIABA/SANTAREM,S/N;KM 1347;BELA V. DO CARACOL;TRAIRAO;PA;Gasolina C Comum;4,77;05/09/2018 19:07
06341746000145;POSTO PALMEIRA;RODOVIA CUIABA/SANTAREM,S/N;KM 1347;BELA V. DO CARACOL;TRAIRAO;PA;Diesel S500;3,74;05/09/2018 19:07
06341746000145;POSTO PALMEIRA;RODOVIA CUIABA/SANTAREM,S/N;KM 1347;BELA V. DO CARACOL;TRAIRAO;PA;Diesel S10;3,8;05/09/2018 19:07
07157563000137;POSTO SAMUEL;AVENIDA SANTOS DUMONT,S/N;;TIRIRICAL;SAO LUIS;MA;Gasolina C Comum;4,39;18/09/2018 09:32
07157563000137;POSTO SAMUEL;AVENIDA SANTOS DUMONT,S/N;;TIRIRICAL;SAO LUIS;MA;Diesel S500;3,593;05/10/2018 10:28
07157563000137;POSTO SAMUEL;AVENIDA SANTOS DUMONT,S/N;;TIRIRICAL;SAO LUIS;MA;Diesel S10;3,694;05/10/2018 10:28
07198313000145;AUTO POSTO AVENTURA;RUA GUILHERME BATHKE,241;;CENTRO;BALSA NOVA;PR;Gasolina C Comum;4,59;13/10/2018 15:25
07198313000145;AUTO POSTO AVENTURA;RUA GUILHERME BATHKE,241;;CENTRO;BALSA NOVA;PR;Etanol;3,23;13/10/2018 15:25
07198313000145;AUTO POSTO AVENTURA;RUA GUILHERME BATHKE,241;;CENTRO;BALSA NOVA;PR;Diesel S10;3,62;13/10/2018 15:25
07291814000171;POSTO NOVA QUEIMADOS LTDA;RUA VEREADOR MARINHO  HEMETERIO OLIVEIRA,1201;;CENTRO;QUEIMADOS;RJ;Gasolina C Comum;4,899;27/07/2018 17:29
07291814000171;POSTO NOVA QUEIMADOS LTDA;RUA VEREADOR MARINHO  HEMETERIO OLIVEIRA,1201;;CENTRO;QUEIMADOS;RJ;Etanol;3,299;27/07/2018 17:29
07291814000171;POSTO NOVA QUEIMADOS LTDA;RUA VEREADOR MARINHO  HEMETERIO OLIVEIRA,1201;;CENTRO;QUEIMADOS;RJ;GNV;2,588;27/07/2018 17:29
07291814000171;POSTO NOVA QUEIMADOS LTDA;RUA VEREADOR MARINHO  HEMETERIO OLIVEIRA,1201;;CENTRO;QUEIMADOS;RJ;Diesel S10;3,489;27/07/2018 17:29
07298624000186;POSTO PANTANAL;RUA PROJETADA,S/N;BR 262 LADO DIREITO;PORTAL DO PANTANAL;MIRANDA;MS;Diesel S500;3,68;27/06/2018 10:29
07298624000186;POSTO PANTANAL;RUA PROJETADA,S/N;BR 262 LADO DIREITO;PORTAL DO PANTANAL;MIRANDA;MS;Diesel S10;3,78;27/06/2018 10:29
07482075000103;COLOSSAL BATEL;ALAMEDA DR. CARLOS DE CARVALHO,1830;;BATEL;CURITIBA;PR;Gasolina C Comum;4,399;17/10/2018 15:18
07482075000103;COLOSSAL BATEL;ALAMEDA DR. CARLOS DE CARVALHO,1830;;BATEL;CURITIBA;PR;Etanol;2,999;17/10/2018 15:18
07482075000103;COLOSSAL BATEL;ALAMEDA DR. CARLOS DE CARVALHO,1830;;BATEL;CURITIBA;PR;Diesel S10;3,564;17/10/2018 15:18
07605515000164;POSTO SAO RAIMUNDO;RODOVIA CE 040,S/N;KM 52;MATAQUIRI;CASCAVEL;CE;Gasolina C Comum;4,69;24/10/2018 09:15
07605515000164;POSTO SAO RAIMUNDO;RODOVIA CE 040,S/N;KM 52;MATAQUIRI;CASCAVEL;CE;Etanol;3,56;04/09/2018 09:56
07605515000164;POSTO SAO RAIMUNDO;RODOVIA CE 040,S/N;KM 52;MATAQUIRI;CASCAVEL;CE;Diesel S10;3,96;05/10/2018 08:19
07605515000245;POSTO SÃO RAIMUNDO 2;AVENIDA CHANLECER EDSON QUEIROZ,3376;;RIO NOVO;CASCAVEL;CE;Gasolina C Comum;4,72;24/10/2018 09:17
07605515000245;POSTO SÃO RAIMUNDO 2;AVENIDA CHANLECER EDSON QUEIROZ,3376;;RIO NOVO;CASCAVEL;CE;Etanol;3,59;21/09/2018 13:15
07605515000245;POSTO SÃO RAIMUNDO 2;AVENIDA CHANLECER EDSON QUEIROZ,3376;;RIO NOVO;CASCAVEL;CE;Diesel S10;3,98;05/10/2018 15:15
07840472000100;AUTO POSTO SANTA RITA;AVENIDA BAHIA,625;QUADRA234                 LOTE  10 E 11;CENTRO;PONTALINA;GO;Gasolina C Comum;4,859;05/09/2018 19:21
07840472000100;AUTO POSTO SANTA RITA;AVENIDA BAHIA,625;QUADRA234                 LOTE  10 E 11;CENTRO;PONTALINA;GO;Etanol;2,999;18/07/2018 17:26
07840472000100;AUTO POSTO SANTA RITA;AVENIDA BAHIA,625;QUADRA234                 LOTE  10 E 11;CENTRO;PONTALINA;GO;Diesel S500;3,899;05/09/2018 19:21
07840472000100;AUTO POSTO SANTA RITA;AVENIDA BAHIA,625;QUADRA234                 LOTE  10 E 11;CENTRO;PONTALINA;GO;Diesel S10;3,999;05/09/2018 19:21
07928956000105;POSTO ARIQUEMES;AVENIDA CAPITAO SILVIO ESQUINA COM RUA PERIMETRAL LESTE,5303;;SETOR 02;ARIQUEMES;RO;Gasolina C Comum;4,59;05/07/2018 18:41
07928956000105;POSTO ARIQUEMES;AVENIDA CAPITAO SILVIO ESQUINA COM RUA PERIMETRAL LESTE,5303;;SETOR 02;ARIQUEMES;RO;Diesel S500;3,52;05/07/2018 18:41
07928956000105;POSTO ARIQUEMES;AVENIDA CAPITAO SILVIO ESQUINA COM RUA PERIMETRAL LESTE,5303;;SETOR 02;ARIQUEMES;RO;Diesel S10;3,65;05/07/2018 18:41
08355825000130;POSTO DE COMBUSTÍVEIS 214 SUL;SETOR SHC/SUL SQ 214 BLOCO A PAG - LOJA DE CONV. 20,S/N;;ASA SUL;BRASILIA;DF;Gasolina C Comum;4,39;26/06/2018 10:59
08355825000130;POSTO DE COMBUSTÍVEIS 214 SUL;SETOR SHC/SUL SQ 214 BLOCO A PAG - LOJA DE CONV. 20,S/N;;ASA SUL;BRASILIA;DF;Etanol;3,38;26/06/2018 10:59
08355825000130;POSTO DE COMBUSTÍVEIS 214 SUL;SETOR SHC/SUL SQ 214 BLOCO A PAG - LOJA DE CONV. 20,S/N;;ASA SUL;BRASILIA;DF;GNV;1;26/06/2018 10:59
08355825000130;POSTO DE COMBUSTÍVEIS 214 SUL;SETOR SHC/SUL SQ 214 BLOCO A PAG - LOJA DE CONV. 20,S/N;;ASA SUL;BRASILIA;DF;Diesel S500;1;26/06/2018 10:59
08355825000130;POSTO DE COMBUSTÍVEIS 214 SUL;SETOR SHC/SUL SQ 214 BLOCO A PAG - LOJA DE CONV. 20,S/N;;ASA SUL;BRASILIA;DF;Diesel S10;4,799;26/06/2018 10:59
08450385000109;COMERCIO DE PRODUTOS MAIS LTDA;AVENIDA 25 DE AGOSTO,7540;;CIDADE ALTA;ROLIM DE MOURA;RO;Gasolina C Comum;4,74;12/07/2018 19:45
08450385000109;COMERCIO DE PRODUTOS MAIS LTDA;AVENIDA 25 DE AGOSTO,7540;;CIDADE ALTA;ROLIM DE MOURA;RO;Diesel S500;3,61;12/07/2018 19:45
08450385000109;COMERCIO DE PRODUTOS MAIS LTDA;AVENIDA 25 DE AGOSTO,7540;;CIDADE ALTA;ROLIM DE MOURA;RO;Diesel S10;3,69;12/07/2018 19:45
08605136000137;POSTO R7;AVENIDA PARQUE NACIONAL DAS EMAS,S/N;QUADRA 88 LOTES 13/18;BOA VISTA;MINEIROS;GO;Gasolina C Comum;5,2;22/10/2018 11:13
08605136000137;POSTO R7;AVENIDA PARQUE NACIONAL DAS EMAS,S/N;QUADRA 88 LOTES 13/18;BOA VISTA;MINEIROS;GO;Etanol;3,4;22/10/2018 11:13
08605136000137;POSTO R7;AVENIDA PARQUE NACIONAL DAS EMAS,S/N;QUADRA 88 LOTES 13/18;BOA VISTA;MINEIROS;GO;Diesel S500;3,91;05/10/2018 14:30
08605136000137;POSTO R7;AVENIDA PARQUE NACIONAL DAS EMAS,S/N;QUADRA 88 LOTES 13/18;BOA VISTA;MINEIROS;GO;Diesel S10;3,99;05/10/2018 14:30
08742289000126;POSTO MANOELÃO;AVENIDA JOÃO PESSOA,4963;;CENTRO;ROLIM DE MOURA;RO;Gasolina C Comum;4,69;18/07/2018 09:47
08742289000126;POSTO MANOELÃO;AVENIDA JOÃO PESSOA,4963;;CENTRO;ROLIM DE MOURA;RO;Diesel S500;3,58;18/07/2018 09:47
08742289000126;POSTO MANOELÃO;AVENIDA JOÃO PESSOA,4963;;CENTRO;ROLIM DE MOURA;RO;Diesel S10;3,68;18/07/2018 09:47
08754803000143; ;RODOVIA BR 304,680;;FAZENDA PIATO;MACAIBA;RN;Gasolina C Comum;4,379;12/07/2018 10:31
08754803000143; ;RODOVIA BR 304,680;;FAZENDA PIATO;MACAIBA;RN;Etanol;3,599;12/07/2018 10:31
08754803000143; ;RODOVIA BR 304,680;;FAZENDA PIATO;MACAIBA;RN;Diesel S500;3,379;12/07/2018 10:31
08754803000143; ;RODOVIA BR 304,680;;FAZENDA PIATO;MACAIBA;RN;Diesel S10;3,479;12/07/2018 10:31
08963963000100;POSTO DE GASOLINA 6 DE MAIO LTDA - ME;AVENIDA DR MANUEL TELES,474;;CENTRO;DUQUE DE CAXIAS;RJ;Gasolina C Comum;4,999;13/07/2018 14:28
08963963000100;POSTO DE GASOLINA 6 DE MAIO LTDA - ME;AVENIDA DR MANUEL TELES,474;;CENTRO;DUQUE DE CAXIAS;RJ;Etanol;3,499;13/07/2018 14:28
08963963000100;POSTO DE GASOLINA 6 DE MAIO LTDA - ME;AVENIDA DR MANUEL TELES,474;;CENTRO;DUQUE DE CAXIAS;RJ;Diesel S10;3,499;13/07/2018 14:28
09164791000321;POSTO APOLO VI;AVENIDA FLORES DA CUNHA,2097;;VILA CACHOEIRINHA;CACHOEIRINHA;RS;Gasolina C Comum;4,899;24/09/2018 15:51
09164791000321;POSTO APOLO VI;AVENIDA FLORES DA CUNHA,2097;;VILA CACHOEIRINHA;CACHOEIRINHA;RS;Etanol;3,999;24/09/2018 15:51
09164791000321;POSTO APOLO VI;AVENIDA FLORES DA CUNHA,2097;;VILA CACHOEIRINHA;CACHOEIRINHA;RS;Diesel S500;3,599;24/09/2018 15:51
09164791000321;POSTO APOLO VI;AVENIDA FLORES DA CUNHA,2097;;VILA CACHOEIRINHA;CACHOEIRINHA;RS;Diesel S10;3,699;24/09/2018 15:51
09217206000142;AUTO POSTO PREMIUM;AVENIDA JOSE DE BRITO SOARES,1101;;ANHANGUERA;ARAGUAINA;TO;Gasolina C Comum;4,79;21/06/2018 16:57
09217206000142;AUTO POSTO PREMIUM;AVENIDA JOSE DE BRITO SOARES,1101;;ANHANGUERA;ARAGUAINA;TO;Diesel S500;3,399;21/06/2018 16:54
09217206000142;AUTO POSTO PREMIUM;AVENIDA JOSE DE BRITO SOARES,1101;;ANHANGUERA;ARAGUAINA;TO;Diesel S10;3,499;21/06/2018 16:54
09296287000113;AUTO POSTO MONTANA;AVENIDA GONÇALVES DIAS,3040;;JARDIM AEROPORTO;OURO PRETO DO OESTE;RO;Gasolina C Comum;4,92;04/10/2018 18:40
09296287000113;AUTO POSTO MONTANA;AVENIDA GONÇALVES DIAS,3040;;JARDIM AEROPORTO;OURO PRETO DO OESTE;RO;Etanol;3,95;21/07/2018 09:38
09296287000113;AUTO POSTO MONTANA;AVENIDA GONÇALVES DIAS,3040;;JARDIM AEROPORTO;OURO PRETO DO OESTE;RO;Diesel S500;3,89;02/10/2018 14:15
09299516000153;AUTO POSTO AGNELO;AVENIDA ACM,544;CASA;CENTRO;CICERO DANTAS;BA;Gasolina C Comum;4,8;06/10/2018 10:07
09299516000153;AUTO POSTO AGNELO;AVENIDA ACM,544;CASA;CENTRO;CICERO DANTAS;BA;Etanol;3,7;18/07/2018 10:45
09299516000153;AUTO POSTO AGNELO;AVENIDA ACM,544;CASA;CENTRO;CICERO DANTAS;BA;Diesel S10;3,9;06/10/2018 10:07
09366602000131;AUTO POSTO GIGI;RUA PEDRO RODRIGUES,925;;CENTRO;ITAPORA;MS;Gasolina C Comum;4,729;03/11/2018 11:22
09366602000131;AUTO POSTO GIGI;RUA PEDRO RODRIGUES,925;;CENTRO;ITAPORA;MS;Etanol;3,599;16/10/2018 09:41
09366602000131;AUTO POSTO GIGI;RUA PEDRO RODRIGUES,925;;CENTRO;ITAPORA;MS;Diesel S500;3,929;03/11/2018 11:22
09366602000131;AUTO POSTO GIGI;RUA PEDRO RODRIGUES,925;;CENTRO;ITAPORA;MS;Diesel S10;4,029;03/11/2018 11:22
09573325000138;RR AUTO SERVICE LTDA;AVENIDA RUY RODRIGUES,3871;;PARQUE UNIVERSITARIO DE VIRACOPOS;CAMPINAS;SP;Gasolina C Comum;4,499;11/09/2018 11:24
09573325000138;RR AUTO SERVICE LTDA;AVENIDA RUY RODRIGUES,3871;;PARQUE UNIVERSITARIO DE VIRACOPOS;CAMPINAS;SP;Etanol;2,699;11/09/2018 11:24
09573325000138;RR AUTO SERVICE LTDA;AVENIDA RUY RODRIGUES,3871;;PARQUE UNIVERSITARIO DE VIRACOPOS;CAMPINAS;SP;Diesel S500;3,699;11/09/2018 11:24
09573325000138;RR AUTO SERVICE LTDA;AVENIDA RUY RODRIGUES,3871;;PARQUE UNIVERSITARIO DE VIRACOPOS;CAMPINAS;SP;Diesel S10;3,799;11/09/2018 11:24
09612655000195;POSTO SATURNO;DISTRITO DE SERROTA,S/Nº;;ZONA RURAL;SENADOR SA;CE;Gasolina C Comum;4,87;03/08/2018 13:26
09612655000195;POSTO SATURNO;DISTRITO DE SERROTA,S/Nº;;ZONA RURAL;SENADOR SA;CE;Diesel S500;3,699;03/08/2018 13:26
10157722000108;ROTA 116;RUA ALEXANDRE DE GUSMAO,1455;;ESTANCIA VELHA;CANOAS;RS;Gasolina C Comum;4,769;08/10/2018 16:41
10157722000108;ROTA 116;RUA ALEXANDRE DE GUSMAO,1455;;ESTANCIA VELHA;CANOAS;RS;Diesel S500;3,589;08/10/2018 16:41
10254592000121;POSTO DE VILLE;RUA JOAO BOSCO MARQUES DE SOUSA,556;;GATO PRETO;SOUSA;PB;Gasolina C Comum;4,599;04/09/2018 09:09
10254592000121;POSTO DE VILLE;RUA JOAO BOSCO MARQUES DE SOUSA,556;;GATO PRETO;SOUSA;PB;Diesel S10;3,799;04/09/2018 09:09
10269693000176;AUTO POSTO PAMPA;AVENIDA PRESIDENTE VARGAS,643;;VILA ARAUJO;PASSO FUNDO;RS;Gasolina C Comum;4,759;25/09/2018 08:35
10269693000176;AUTO POSTO PAMPA;AVENIDA PRESIDENTE VARGAS,643;;VILA ARAUJO;PASSO FUNDO;RS;Diesel S10;3,499;25/09/2018 08:35
10549635000104;AUTO POSTO COLONIAL;AVENIDA MANOEL RUZ PERES,2550;;JARDIM HUBERT;INDAIATUBA;SP;Gasolina C Comum;4,599;13/09/2018 15:17
10549635000104;AUTO POSTO COLONIAL;AVENIDA MANOEL RUZ PERES,2550;;JARDIM HUBERT;INDAIATUBA;SP;Etanol;2,799;13/09/2018 15:17
10549635000104;AUTO POSTO COLONIAL;AVENIDA MANOEL RUZ PERES,2550;;JARDIM HUBERT;INDAIATUBA;SP;Diesel S10;3,599;20/09/2018 07:59
10557748000143;AUTO POSTO ROTA RADIAL LTDA;RUA PIRATININGA,1017;;BRAS;SAO PAULO;SP;Gasolina C Comum;3,989;26/07/2018 20:06
10557748000143;AUTO POSTO ROTA RADIAL LTDA;RUA PIRATININGA,1017;;BRAS;SAO PAULO;SP;Etanol;2,249;26/07/2018 20:06
10876085000120;AUTO POSTO SAN CRISTOVAO;RUA MONTE ALEGRE,5800;;JARDIM MAIPU;DOURADOS;MS;Gasolina C Comum;4,299;12/07/2018 17:28
10876085000120;AUTO POSTO SAN CRISTOVAO;RUA MONTE ALEGRE,5800;;JARDIM MAIPU;DOURADOS;MS;Etanol;2,999;12/07/2018 17:28
10876085000120;AUTO POSTO SAN CRISTOVAO;RUA MONTE ALEGRE,5800;;JARDIM MAIPU;DOURADOS;MS;Diesel S500;3,399;12/07/2018 17:28
10876085000120;AUTO POSTO SAN CRISTOVAO;RUA MONTE ALEGRE,5800;;JARDIM MAIPU;DOURADOS;MS;Diesel S10;3,499;12/07/2018 17:28
11000641000162;AUTO POSTO TITAN;AVENIDA DUDU FERRAZ,1110;;JARDIM SANTA ROSA;JAU;SP;Gasolina C Comum;4,049;08/08/2018 15:00
11000641000162;AUTO POSTO TITAN;AVENIDA DUDU FERRAZ,1110;;JARDIM SANTA ROSA;JAU;SP;Etanol;2,189;08/08/2018 15:00
11000641000162;AUTO POSTO TITAN;AVENIDA DUDU FERRAZ,1110;;JARDIM SANTA ROSA;JAU;SP;Diesel S500;3,129;08/08/2018 15:00
11000641000162;AUTO POSTO TITAN;AVENIDA DUDU FERRAZ,1110;;JARDIM SANTA ROSA;JAU;SP;Diesel S10;3,239;08/08/2018 15:00
11300950000158;AUTO POSTO JF;AVENIDA JOÃO DOMICIANO DA COSTA,902;;CENTRO;ANDRADAS;MG;Gasolina C Comum;4,959;01/11/2018 16:53
11300950000158;AUTO POSTO JF;AVENIDA JOÃO DOMICIANO DA COSTA,902;;CENTRO;ANDRADAS;MG;Etanol;2,999;31/10/2018 11:31
11300950000158;AUTO POSTO JF;AVENIDA JOÃO DOMICIANO DA COSTA,902;;CENTRO;ANDRADAS;MG;Diesel S500;3,699;01/11/2018 16:53
11300950000158;AUTO POSTO JF;AVENIDA JOÃO DOMICIANO DA COSTA,902;;CENTRO;ANDRADAS;MG;Diesel S10;3,749;01/11/2018 16:53
11307599000127;AUTO POSTO AEROPORTO DE UBATUBA LTDA.;AVENIDA ANTONIO CARLOS RIBEIRO,0;;CENTRO;UBATUBA;SP;Gasolina C Comum;4,649;22/10/2018 09:59
11307599000127;AUTO POSTO AEROPORTO DE UBATUBA LTDA.;AVENIDA ANTONIO CARLOS RIBEIRO,0;;CENTRO;UBATUBA;SP;Etanol;2,989;22/10/2018 09:59
11307599000127;AUTO POSTO AEROPORTO DE UBATUBA LTDA.;AVENIDA ANTONIO CARLOS RIBEIRO,0;;CENTRO;UBATUBA;SP;Diesel S10;3,77;22/10/2018 09:59
11372676000122;CAMPOS DO JORDÃO AUTO POSTO LTDA.;AVENIDA FREI ORESTES GIRARDI,2057;;VILA ABERNESIA;CAMPOS DO JORDAO;SP;Gasolina C Comum;4,749;22/10/2018 10:23
11372676000122;CAMPOS DO JORDÃO AUTO POSTO LTDA.;AVENIDA FREI ORESTES GIRARDI,2057;;VILA ABERNESIA;CAMPOS DO JORDAO;SP;Etanol;2,999;22/10/2018 10:24
11372676000122;CAMPOS DO JORDÃO AUTO POSTO LTDA.;AVENIDA FREI ORESTES GIRARDI,2057;;VILA ABERNESIA;CAMPOS DO JORDAO;SP;Diesel S500;3,759;22/10/2018 10:24
11372676000122;CAMPOS DO JORDÃO AUTO POSTO LTDA.;AVENIDA FREI ORESTES GIRARDI,2057;;VILA ABERNESIA;CAMPOS DO JORDAO;SP;Diesel S10;3,799;22/10/2018 10:24
11388834000132;AUTO POSTO MONTANA;AVENIDA XV DE NOVEMBRO,1071;;UNIÃO;OURO PRETO DO OESTE;RO;Gasolina C Comum;4,92;04/10/2018 18:30
11388834000132;AUTO POSTO MONTANA;AVENIDA XV DE NOVEMBRO,1071;;UNIÃO;OURO PRETO DO OESTE;RO;Diesel S500;3,89;02/10/2018 08:47
11388834000132;AUTO POSTO MONTANA;AVENIDA XV DE NOVEMBRO,1071;;UNIÃO;OURO PRETO DO OESTE;RO;Diesel S10;3,98;02/10/2018 08:47
11440349000160;POSTO SERRANO;AVENIDA CHANCELER OSVALDO ARANHA,704;;JOSE CONRADO DE ARAUJO;ARACAJU;SE;Gasolina C Comum;4,899;08/10/2018 10:32
11440349000160;POSTO SERRANO;AVENIDA CHANCELER OSVALDO ARANHA,704;;JOSE CONRADO DE ARAUJO;ARACAJU;SE;Etanol;3,499;10/09/2018 08:58
11440349000160;POSTO SERRANO;AVENIDA CHANCELER OSVALDO ARANHA,704;;JOSE CONRADO DE ARAUJO;ARACAJU;SE;Diesel S500;3,859;10/09/2018 08:58
11440349000160;POSTO SERRANO;AVENIDA CHANCELER OSVALDO ARANHA,704;;JOSE CONRADO DE ARAUJO;ARACAJU;SE;Diesel S10;3,799;10/09/2018 08:58
11643823000151;POSTO MARCON;AVENIDA GETULIO DORNELLES VARGAS,2404;N;PASSO DOS FORTES;CHAPECO;SC;Gasolina C Comum;4,449;25/09/2018 09:07
11643823000151;POSTO MARCON;AVENIDA GETULIO DORNELLES VARGAS,2404;N;PASSO DOS FORTES;CHAPECO;SC;Diesel S500;3,399;25/09/2018 09:07
11643823000151;POSTO MARCON;AVENIDA GETULIO DORNELLES VARGAS,2404;N;PASSO DOS FORTES;CHAPECO;SC;Diesel S10;3,469;25/09/2018 09:07
12031541000166;POSTO HS;RUA JOSE ABEL DE ALMEIDA,SN;LT 02;SETOR RODOVIARIO II;ESTRELA DO NORTE;GO;Gasolina C Comum;4,99;08/10/2018 13:24
12031541000166;POSTO HS;RUA JOSE ABEL DE ALMEIDA,SN;LT 02;SETOR RODOVIARIO II;ESTRELA DO NORTE;GO;Etanol;3,24;08/10/2018 13:24
12031541000166;POSTO HS;RUA JOSE ABEL DE ALMEIDA,SN;LT 02;SETOR RODOVIARIO II;ESTRELA DO NORTE;GO;Diesel S500;3,99;08/10/2018 13:24
12031541000166;POSTO HS;RUA JOSE ABEL DE ALMEIDA,SN;LT 02;SETOR RODOVIARIO II;ESTRELA DO NORTE;GO;Diesel S10;4,077;08/10/2018 13:24
12119665000106;POSTO LEAL;AVENIDA 31 DE MARÇO,15;;CENTRO;BARREIRINHAS;MA;Gasolina C Comum;4,73;28/06/2018 14:37
12119665000106;POSTO LEAL;AVENIDA 31 DE MARÇO,15;;CENTRO;BARREIRINHAS;MA;Diesel S500;3,647;28/06/2018 14:37
12119665000106;POSTO LEAL;AVENIDA 31 DE MARÇO,15;;CENTRO;BARREIRINHAS;MA;Diesel S10;3,715;28/06/2018 14:37
12119665000289;LEAL COMERCIALIZACAO DE DERIVADOS DE PETROLEO LTDA;RUA ANACLETO DE CARVALHO,260;;CRUZEIRO;BARREIRINHAS;MA;Gasolina C Comum;4,65;05/07/2018 15:36
13047383000103;SF COMERCIO DE COMBUSTIVEIS LTDA.;RUA PORTAO,3890;;LAGO AZUL;ESTANCIA VELHA;RS;Gasolina C Comum;4,599;14/07/2018 10:18
13047383000103;SF COMERCIO DE COMBUSTIVEIS LTDA.;RUA PORTAO,3890;;LAGO AZUL;ESTANCIA VELHA;RS;Diesel S500;3,199;14/07/2018 10:18
13047383000103;SF COMERCIO DE COMBUSTIVEIS LTDA.;RUA PORTAO,3890;;LAGO AZUL;ESTANCIA VELHA;RS;Diesel S10;3,299;14/07/2018 10:18
13051606000106;AUTO POSTO 2 IRMAOS;AVENIDA AYRTON SENNA,850;;SETOR 09;BURITIS;RO;Diesel S500;3,62;20/07/2018 17:18
13051606000106;AUTO POSTO 2 IRMAOS;AVENIDA AYRTON SENNA,850;;SETOR 09;BURITIS;RO;Diesel S10;3,72;20/07/2018 17:18
13170895000154;AUTO POSTO UNIAO;RUA 21,S/N;QUADRA 40                 LOTE  13/14;CENTRO;EDEALINA;GO;Gasolina C Comum;4,799;04/10/2018 09:09
13170895000154;AUTO POSTO UNIAO;RUA 21,S/N;QUADRA 40                 LOTE  13/14;CENTRO;EDEALINA;GO;Etanol;2,879;04/10/2018 09:09
13170895000154;AUTO POSTO UNIAO;RUA 21,S/N;QUADRA 40                 LOTE  13/14;CENTRO;EDEALINA;GO;Diesel S500;3,699;04/10/2018 09:09
13170895000154;AUTO POSTO UNIAO;RUA 21,S/N;QUADRA 40                 LOTE  13/14;CENTRO;EDEALINA;GO;Diesel S10;3,799;04/10/2018 09:09
13250823000117;AUTO POSTO DALTIBA;AVENIDA TANCREDO NEVES,1163;ESQUINA C/ AV. CAPITÃO SILVIO;SETOR 01;ARIQUEMES;RO;Gasolina C Comum;3,65;04/07/2018 15:14
13250823000117;AUTO POSTO DALTIBA;AVENIDA TANCREDO NEVES,1163;ESQUINA C/ AV. CAPITÃO SILVIO;SETOR 01;ARIQUEMES;RO;Diesel S500;3,627;04/07/2018 15:14
13250823000117;AUTO POSTO DALTIBA;AVENIDA TANCREDO NEVES,1163;ESQUINA C/ AV. CAPITÃO SILVIO;SETOR 01;ARIQUEMES;RO;Diesel S10;3,661;04/07/2018 15:14
13379724000130;REDE 020;RODOVIA BR 020,S/N;KM     30,9;DISTRITO DO BEZERRA;FORMOSA;GO;Gasolina C Comum;4,979;03/10/2018 18:49
13379724000130;REDE 020;RODOVIA BR 020,S/N;KM     30,9;DISTRITO DO BEZERRA;FORMOSA;GO;Etanol;3,129;29/10/2018 17:28
13379724000130;REDE 020;RODOVIA BR 020,S/N;KM     30,9;DISTRITO DO BEZERRA;FORMOSA;GO;Diesel S500;3,629;03/11/2018 13:28
13379724000130;REDE 020;RODOVIA BR 020,S/N;KM     30,9;DISTRITO DO BEZERRA;FORMOSA;GO;Diesel S10;3,684;03/11/2018 13:28
13635049000162;POSTO TITAN DE CORBELIA LTDA.;RODOVIA BR 369,S/N;KM 478;OURO VERDE DO PIQUIRI;CORBELIA;PR;Gasolina C Comum;4,09;07/08/2018 15:55
13635049000162;POSTO TITAN DE CORBELIA LTDA.;RODOVIA BR 369,S/N;KM 478;OURO VERDE DO PIQUIRI;CORBELIA;PR;Etanol;2,49;07/08/2018 15:55
13635049000162;POSTO TITAN DE CORBELIA LTDA.;RODOVIA BR 369,S/N;KM 478;OURO VERDE DO PIQUIRI;CORBELIA;PR;Diesel S500;3,06;07/08/2018 15:55
13781754000178;POSTOS ARCO VERDE;AVENIDA PILOTO PEREIRA TIM,1762;ANEXO A;MONTE CASTELO;PARNAMIRIM;RN;Gasolina C Comum;4,769;29/07/2018 20:26
13781754000178;POSTOS ARCO VERDE;AVENIDA PILOTO PEREIRA TIM,1762;ANEXO A;MONTE CASTELO;PARNAMIRIM;RN;Etanol;3,599;29/07/2018 20:26
13781754000178;POSTOS ARCO VERDE;AVENIDA PILOTO PEREIRA TIM,1762;ANEXO A;MONTE CASTELO;PARNAMIRIM;RN;Diesel S500;3,47;29/07/2018 20:26
13781754000178;POSTOS ARCO VERDE;AVENIDA PILOTO PEREIRA TIM,1762;ANEXO A;MONTE CASTELO;PARNAMIRIM;RN;Diesel S10;3,59;29/07/2018 20:26
14167819000152;AUTO POSTO MARQUES;RODOVIA BR 364,S/N;KM 421;JARDIM BELA VISTA;JARU;RO;Gasolina C Comum;4,579;03/07/2018 15:38
14167819000152;AUTO POSTO MARQUES;RODOVIA BR 364,S/N;KM 421;JARDIM BELA VISTA;JARU;RO;Etanol;3,999;03/07/2018 15:38
14167819000152;AUTO POSTO MARQUES;RODOVIA BR 364,S/N;KM 421;JARDIM BELA VISTA;JARU;RO;Diesel S500;3,549;03/07/2018 15:38
14167819000152;AUTO POSTO MARQUES;RODOVIA BR 364,S/N;KM 421;JARDIM BELA VISTA;JARU;RO;Diesel S10;3,599;03/07/2018 15:38
14229920000190;POSTO TITAN CAFELANDIA;AVENIDA MARECHAL LOTT,  ESQ. DEP. ANTONIO LUSTOSA,1475;;CENTRO;CAFELANDIA;PR;Gasolina C Comum;4,219;07/08/2018 16:02
14229920000190;POSTO TITAN CAFELANDIA;AVENIDA MARECHAL LOTT,  ESQ. DEP. ANTONIO LUSTOSA,1475;;CENTRO;CAFELANDIA;PR;Etanol;2,699;07/08/2018 16:02
14229920000190;POSTO TITAN CAFELANDIA;AVENIDA MARECHAL LOTT,  ESQ. DEP. ANTONIO LUSTOSA,1475;;CENTRO;CAFELANDIA;PR;Diesel S500;3,089;07/08/2018 16:02
14229920000190;POSTO TITAN CAFELANDIA;AVENIDA MARECHAL LOTT,  ESQ. DEP. ANTONIO LUSTOSA,1475;;CENTRO;CAFELANDIA;PR;Diesel S10;3,139;07/08/2018 16:02
14967901000161;POSTO NELCI MARIA LOCATELLI E CIA LTDA;AVENIDA TAMANDARE,1572;;VILA ALTO SUMARE;CAMPO GRANDE;MS;Gasolina C Comum;4,09;28/06/2018 16:02
14967901000161;POSTO NELCI MARIA LOCATELLI E CIA LTDA;AVENIDA TAMANDARE,1572;;VILA ALTO SUMARE;CAMPO GRANDE;MS;Etanol;3,197;28/06/2018 16:02
14967901000161;POSTO NELCI MARIA LOCATELLI E CIA LTDA;AVENIDA TAMANDARE,1572;;VILA ALTO SUMARE;CAMPO GRANDE;MS;Diesel S10;3,497;28/06/2018 16:02
15011160000103;POSTO XINGU;AVENIDA SANTANA,75;;SANTANA;VARGINHA;MG;Gasolina C Comum;4,848;08/10/2018 13:48
15011160000103;POSTO XINGU;AVENIDA SANTANA,75;;SANTANA;VARGINHA;MG;Etanol;2,948;08/10/2018 13:48
15011160000103;POSTO XINGU;AVENIDA SANTANA,75;;SANTANA;VARGINHA;MG;Diesel S500;3,656;08/10/2018 13:48
15011160000103;POSTO XINGU;AVENIDA SANTANA,75;;SANTANA;VARGINHA;MG;Diesel S10;3,789;08/10/2018 13:48
15203666000114;AUTO POSTO DINALO E IBRAHIM LTDA;AVENIDA LUCAS NOGUEIRA GARCEZ,370;;JARDIM ESTELA;POA;SP;Gasolina C Comum;4,499;16/08/2018 10:49
15203666000114;AUTO POSTO DINALO E IBRAHIM LTDA;AVENIDA LUCAS NOGUEIRA GARCEZ,370;;JARDIM ESTELA;POA;SP;Etanol;2,599;16/08/2018 10:49
15203666000114;AUTO POSTO DINALO E IBRAHIM LTDA;AVENIDA LUCAS NOGUEIRA GARCEZ,370;;JARDIM ESTELA;POA;SP;Diesel S10;3,499;16/08/2018 10:49
15286573000109;POSTO SANTIAGO;RUA HELENO DE ANDRADE,1154;;SETOR 3;BURITIS;RO;Gasolina C Comum;4,96;04/09/2018 12:03
15286573000109;POSTO SANTIAGO;RUA HELENO DE ANDRADE,1154;;SETOR 3;BURITIS;RO;Diesel S500;3,888;04/09/2018 12:05
15286573000109;POSTO SANTIAGO;RUA HELENO DE ANDRADE,1154;;SETOR 3;BURITIS;RO;Diesel S10;3,966;04/09/2018 12:05
15388267000337;POSTO JOIA;RUA BARAO DO RIO BRANCO,347;;CENTRO;MIRANDA;MS;Gasolina C Comum;4,98;21/09/2018 09:49
15388267000337;POSTO JOIA;RUA BARAO DO RIO BRANCO,347;;CENTRO;MIRANDA;MS;Etanol;3,73;17/10/2018 16:52
15388267000337;POSTO JOIA;RUA BARAO DO RIO BRANCO,347;;CENTRO;MIRANDA;MS;Diesel S500;3,93;21/09/2018 09:49
15388267000337;POSTO JOIA;RUA BARAO DO RIO BRANCO,347;;CENTRO;MIRANDA;MS;Diesel S10;3,99;21/09/2018 09:49
15619911000179;SSJT SERVICO DE AUTO POSTO LTDA;RUA MARECHAL RONDON,113;;VILA BRASILEIRA;ASSIS;SP;Gasolina C Comum;4,399;25/10/2018 11:02
15619911000179;SSJT SERVICO DE AUTO POSTO LTDA;RUA MARECHAL RONDON,113;;VILA BRASILEIRA;ASSIS;SP;Etanol;2,699;25/10/2018 11:02
15619911000179;SSJT SERVICO DE AUTO POSTO LTDA;RUA MARECHAL RONDON,113;;VILA BRASILEIRA;ASSIS;SP;Diesel S10;3,599;25/10/2018 11:02
15896509000131;POSTO FORTALEZA;AVENIDA MARECHAL RONDON C/22 DE NOVEMBRO,1582;;DOIS DE ABRIL;JI-PARANA;RO;Gasolina C Comum;4,769;28/06/2018 12:59
15896509000131;POSTO FORTALEZA;AVENIDA MARECHAL RONDON C/22 DE NOVEMBRO,1582;;DOIS DE ABRIL;JI-PARANA;RO;Etanol;3,999;28/06/2018 12:59
15896509000131;POSTO FORTALEZA;AVENIDA MARECHAL RONDON C/22 DE NOVEMBRO,1582;;DOIS DE ABRIL;JI-PARANA;RO;Diesel S500;3,629;28/06/2018 12:59
15896509000131;POSTO FORTALEZA;AVENIDA MARECHAL RONDON C/22 DE NOVEMBRO,1582;;DOIS DE ABRIL;JI-PARANA;RO;Diesel S10;3,689;28/06/2018 12:59
16045015000106;POSTO TERERE;AVENIDA AFONSO PENA,5264;;CHACARA CACHOEIRA;CAMPO GRANDE;MS;Gasolina C Comum;4,396;26/10/2018 16:27
16045015000106;POSTO TERERE;AVENIDA AFONSO PENA,5264;;CHACARA CACHOEIRA;CAMPO GRANDE;MS;Etanol;3,356;26/10/2018 16:27
16045015000106;POSTO TERERE;AVENIDA AFONSO PENA,5264;;CHACARA CACHOEIRA;CAMPO GRANDE;MS;Diesel S10;3,866;26/10/2018 16:27
16808529000176;POSTO REZENDE;RUA BENJAMIN CONSTANT,461;;ESPLANADA;ARACUAI;MG;Gasolina C Comum;5,48;15/10/2018 15:43
16808529000176;POSTO REZENDE;RUA BENJAMIN CONSTANT,461;;ESPLANADA;ARACUAI;MG;Etanol;3,48;15/10/2018 15:43
16808529000176;POSTO REZENDE;RUA BENJAMIN CONSTANT,461;;ESPLANADA;ARACUAI;MG;Diesel S500;4,07;15/10/2018 15:43
16909633000157;POSTOS ARCO VERDE;ESTRADA DE VERA CRUZ,S/N;LOTE  V DOS COQUEIROS I A       9-3;ZONA DE EXPANCAO;SAO JOSE DE MIPIBU;RN;Gasolina C Comum;4,33;17/07/2018 11:19
16909633000157;POSTOS ARCO VERDE;ESTRADA DE VERA CRUZ,S/N;LOTE  V DOS COQUEIROS I A       9-3;ZONA DE EXPANCAO;SAO JOSE DE MIPIBU;RN;Etanol;3,59;17/07/2018 11:19
16909633000157;POSTOS ARCO VERDE;ESTRADA DE VERA CRUZ,S/N;LOTE  V DOS COQUEIROS I A       9-3;ZONA DE EXPANCAO;SAO JOSE DE MIPIBU;RN;Diesel S500;3,38;17/07/2018 11:19
16909633000157;POSTOS ARCO VERDE;ESTRADA DE VERA CRUZ,S/N;LOTE  V DOS COQUEIROS I A       9-3;ZONA DE EXPANCAO;SAO JOSE DE MIPIBU;RN;Diesel S10;3,48;17/07/2018 11:19
17071865000141;AUTO POSTO TITAN SAPOPEMBA;AVENIDA SAPOPEMBA,7046;;SAPOPEMBA;SAO PAULO;SP;Gasolina C Comum;3,999;08/08/2018 15:24
17071865000141;AUTO POSTO TITAN SAPOPEMBA;AVENIDA SAPOPEMBA,7046;;SAPOPEMBA;SAO PAULO;SP;Etanol;2,299;08/08/2018 15:24
17071865000141;AUTO POSTO TITAN SAPOPEMBA;AVENIDA SAPOPEMBA,7046;;SAPOPEMBA;SAO PAULO;SP;Diesel S10;3,189;08/08/2018 15:24
17112586000189;POSTO LARANJAL;AVENIDA ADOLFO FETTER,1997;;RECANTO DE PORTUGAL;PELOTAS;RS;Gasolina C Comum;4,799;24/07/2018 19:41
17112586000189;POSTO LARANJAL;AVENIDA ADOLFO FETTER,1997;;RECANTO DE PORTUGAL;PELOTAS;RS;Etanol;3,999;24/07/2018 19:41
17112586000189;POSTO LARANJAL;AVENIDA ADOLFO FETTER,1997;;RECANTO DE PORTUGAL;PELOTAS;RS;Diesel S500;3,399;24/07/2018 19:41
17305026000140;OASIS COMBUSTIVEIS LTDA;RODOVIA BR 101,S/N;KM 80               LOJA  02;IBITIOCA;CAMPOS DOS GOYTACAZES;RJ;Gasolina C Comum;5,199;03/07/2018 17:17
17305026000140;OASIS COMBUSTIVEIS LTDA;RODOVIA BR 101,S/N;KM 80               LOJA  02;IBITIOCA;CAMPOS DOS GOYTACAZES;RJ;Etanol;3,799;03/07/2018 17:17
17305026000140;OASIS COMBUSTIVEIS LTDA;RODOVIA BR 101,S/N;KM 80               LOJA  02;IBITIOCA;CAMPOS DOS GOYTACAZES;RJ;GNV;5,099;03/07/2018 17:17
17305026000140;OASIS COMBUSTIVEIS LTDA;RODOVIA BR 101,S/N;KM 80               LOJA  02;IBITIOCA;CAMPOS DOS GOYTACAZES;RJ;Diesel S500;3,589;03/07/2018 17:17
17305026000140;OASIS COMBUSTIVEIS LTDA;RODOVIA BR 101,S/N;KM 80               LOJA  02;IBITIOCA;CAMPOS DOS GOYTACAZES;RJ;Diesel S10;3,639;03/07/2018 17:17
17962000000175;CUPECE COMERCIO VAREJISTA DE COMBUSTIVEIS EIRELI;AVENIDA CUPECE,5810;;JARDIM PRUDENCIA;SAO PAULO;SP;Gasolina C Comum;4,399;18/09/2018 12:11
17962000000175;CUPECE COMERCIO VAREJISTA DE COMBUSTIVEIS EIRELI;AVENIDA CUPECE,5810;;JARDIM PRUDENCIA;SAO PAULO;SP;Etanol;2,499;18/09/2018 12:11
17962000000175;CUPECE COMERCIO VAREJISTA DE COMBUSTIVEIS EIRELI;AVENIDA CUPECE,5810;;JARDIM PRUDENCIA;SAO PAULO;SP;Diesel S10;3,499;18/09/2018 12:11
18590664000113;A1 COMBUSTIVEIS;AVENIDA PRESIDENTE VARGAS,357;;SETOR IMPERIAL;GOIATUBA;GO;Gasolina C Comum;4,49;25/07/2018 11:18
18590664000113;A1 COMBUSTIVEIS;AVENIDA PRESIDENTE VARGAS,357;;SETOR IMPERIAL;GOIATUBA;GO;Etanol;2,65;25/07/2018 11:18
18590664000113;A1 COMBUSTIVEIS;AVENIDA PRESIDENTE VARGAS,357;;SETOR IMPERIAL;GOIATUBA;GO;Diesel S500;3,399;25/07/2018 11:18
18590664000113;A1 COMBUSTIVEIS;AVENIDA PRESIDENTE VARGAS,357;;SETOR IMPERIAL;GOIATUBA;GO;Diesel S10;3,5;25/07/2018 11:18
18974530000104;CAMINHO DO MAR AUTO POSTO LTDA;AVENIDA CAMINHO DO MAR,2965;;RUDGE RAMOS;SAO BERNARDO DO CAMPO;SP;Gasolina C Comum;4,399;17/09/2018 17:54
18974530000104;CAMINHO DO MAR AUTO POSTO LTDA;AVENIDA CAMINHO DO MAR,2965;;RUDGE RAMOS;SAO BERNARDO DO CAMPO;SP;Etanol;2,799;22/10/2018 10:19
18974530000104;CAMINHO DO MAR AUTO POSTO LTDA;AVENIDA CAMINHO DO MAR,2965;;RUDGE RAMOS;SAO BERNARDO DO CAMPO;SP;Diesel S10;3,649;22/10/2018 10:19
19079066000147;G20;RUA DO GLICERIO,498;TERREO;LIBERDADE;SAO PAULO;SP;Gasolina C Comum;3,999;26/07/2018 19:38
19079066000147;G20;RUA DO GLICERIO,498;TERREO;LIBERDADE;SAO PAULO;SP;Etanol;2,349;26/07/2018 19:38
19292157000166;VALTER GAVASSA COMBUSTIVEIS LTDA;AVENIDA AFIF JOSE ABDO,37;;RESIDENCIAL PORTAL DA PEROLA II;BIRIGUI;SP;GNV;1;11/10/2018 17:15
19292157000166;VALTER GAVASSA COMBUSTIVEIS LTDA;AVENIDA AFIF JOSE ABDO,37;;RESIDENCIAL PORTAL DA PEROLA II;BIRIGUI;SP;Gasolina C Comum;4,799;11/10/2018 17:18
19292157000166;VALTER GAVASSA COMBUSTIVEIS LTDA;AVENIDA AFIF JOSE ABDO,37;;RESIDENCIAL PORTAL DA PEROLA II;BIRIGUI;SP;Etanol;2,799;11/10/2018 17:18
19292157000166;VALTER GAVASSA COMBUSTIVEIS LTDA;AVENIDA AFIF JOSE ABDO,37;;RESIDENCIAL PORTAL DA PEROLA II;BIRIGUI;SP;Diesel S500;3,799;11/10/2018 17:19
19292157000166;VALTER GAVASSA COMBUSTIVEIS LTDA;AVENIDA AFIF JOSE ABDO,37;;RESIDENCIAL PORTAL DA PEROLA II;BIRIGUI;SP;Diesel S10;3,899;11/10/2018 17:19
19520321000145;GOL AUTO POSTO;AVENIDA AYRTON SENNA,1025;;SETOR 3;BURITIS;RO;Diesel S500;3,62;06/07/2018 13:14
19520321000145;GOL AUTO POSTO;AVENIDA AYRTON SENNA,1025;;SETOR 3;BURITIS;RO;Diesel S10;3,72;06/07/2018 13:14
19520321000145;GOL AUTO POSTO;AVENIDA AYRTON SENNA,1025;;SETOR 3;BURITIS;RO;Gasolina C Comum;4,81;06/07/2018 13:14
19520321000145;GOL AUTO POSTO;AVENIDA AYRTON SENNA,1025;;SETOR 3;BURITIS;RO;Etanol;4,16;06/07/2018 13:14
19953346000132;POROROCA AUTO POSTO IV;AVENIDA EURICO SOARES ANDRADE,1071;;CENTRO;NOVA ANDRADINA;MS;Gasolina C Comum;4,19;27/07/2018 11:04
19953346000132;POROROCA AUTO POSTO IV;AVENIDA EURICO SOARES ANDRADE,1071;;CENTRO;NOVA ANDRADINA;MS;Etanol;2,99;16/07/2018 12:17
19953346000132;POROROCA AUTO POSTO IV;AVENIDA EURICO SOARES ANDRADE,1071;;CENTRO;NOVA ANDRADINA;MS;Diesel S500;3,39;16/07/2018 12:17
19953346000132;POROROCA AUTO POSTO IV;AVENIDA EURICO SOARES ANDRADE,1071;;CENTRO;NOVA ANDRADINA;MS;Diesel S10;3,49;16/07/2018 12:17
20630766000167;POSTO MAX;ACESSO PLINIO ARLINDO DE NES,3821;D;BELVEDERE;CHAPECO;SC;Gasolina C Comum;4,399;25/09/2018 08:43
20630766000167;POSTO MAX;ACESSO PLINIO ARLINDO DE NES,3821;D;BELVEDERE;CHAPECO;SC;Diesel S500;3,399;25/09/2018 08:43
20630766000167;POSTO MAX;ACESSO PLINIO ARLINDO DE NES,3821;D;BELVEDERE;CHAPECO;SC;Diesel S10;3,469;25/09/2018 08:43
20630766000248;AUTO POSTO IMPERIAL;RODOVIA SC 355,2010;KM 55;DOIS PINHEIROS;VIDEIRA;SC;Gasolina C Comum;4,399;25/09/2018 08:54
20630766000248;AUTO POSTO IMPERIAL;RODOVIA SC 355,2010;KM 55;DOIS PINHEIROS;VIDEIRA;SC;Diesel S10;3,499;25/09/2018 08:54
21205041000194;POSTO ROTTAVA;AVENIDA PINHEIRO MACHADO,5826;;IGARAPE;PORTO VELHO;RO;Gasolina C Comum;4,499;19/10/2018 09:27
21205041000194;POSTO ROTTAVA;AVENIDA PINHEIRO MACHADO,5826;;IGARAPE;PORTO VELHO;RO;Diesel S500;3,899;19/10/2018 09:27
21205041000194;POSTO ROTTAVA;AVENIDA PINHEIRO MACHADO,5826;;IGARAPE;PORTO VELHO;RO;Diesel S10;3,999;19/10/2018 09:27
21298404000183;POSTOS ARCO VERDE;RUA ROSA FERNANDES SILVA,355;;NOVA ESPERANCA;PARNAMIRIM;RN;Gasolina C Comum;4,769;29/07/2018 20:22
21298404000183;POSTOS ARCO VERDE;RUA ROSA FERNANDES SILVA,355;;NOVA ESPERANCA;PARNAMIRIM;RN;Etanol;3,599;29/07/2018 20:22
21298404000183;POSTOS ARCO VERDE;RUA ROSA FERNANDES SILVA,355;;NOVA ESPERANCA;PARNAMIRIM;RN;Diesel S500;3,47;29/07/2018 20:22
21298404000183;POSTOS ARCO VERDE;RUA ROSA FERNANDES SILVA,355;;NOVA ESPERANCA;PARNAMIRIM;RN;Diesel S10;3,599;29/07/2018 20:22
22623880000195;AUTO POSTO DELABRANTE LTDA;RUA SALDANHA MARINHO,1174;;CENTRO;GUARAPUAVA;PR;Gasolina C Comum;4,52;24/09/2018 16:03
22623880000195;AUTO POSTO DELABRANTE LTDA;RUA SALDANHA MARINHO,1174;;CENTRO;GUARAPUAVA;PR;Etanol;2,92;24/09/2018 16:03
22623880000195;AUTO POSTO DELABRANTE LTDA;RUA SALDANHA MARINHO,1174;;CENTRO;GUARAPUAVA;PR;Diesel S10;3,39;24/09/2018 16:03
22955868000188;POSTO CASCAO;AVENIDA TANCREDO NEVES,120;;COHAB;TUCURUI;PA;Gasolina C Comum;5,17;08/10/2018 16:59
22955868000188;POSTO CASCAO;AVENIDA TANCREDO NEVES,120;;COHAB;TUCURUI;PA;Diesel S500;4,14;08/10/2018 16:59
22955868000188;POSTO CASCAO;AVENIDA TANCREDO NEVES,120;;COHAB;TUCURUI;PA;Diesel S10;4,16;08/10/2018 16:59
23830523000160;AUTO POSTO CAMPECHE EIRELI;RODOVIA FRANCISCO MAGNO VIEIRA,3.950;;CAMPECHE;FLORIANOPOLIS;SC;Gasolina C Comum;4,199;18/07/2018 17:49
23830523000160;AUTO POSTO CAMPECHE EIRELI;RODOVIA FRANCISCO MAGNO VIEIRA,3.950;;CAMPECHE;FLORIANOPOLIS;SC;Diesel S10;3,299;18/07/2018 17:49
23859521000102;AUTO POSTO COLOSSAL MERCES LTDA;RUA MARTIM AFONSO,700;;MERCES;CURITIBA;PR;Gasolina C Comum;4,299;31/10/2018 17:36
23859521000102;AUTO POSTO COLOSSAL MERCES LTDA;RUA MARTIM AFONSO,700;;MERCES;CURITIBA;PR;Etanol;2,999;31/10/2018 17:36
23859521000102;AUTO POSTO COLOSSAL MERCES LTDA;RUA MARTIM AFONSO,700;;MERCES;CURITIBA;PR;Diesel S10;3,554;31/10/2018 17:36
24601882000109;POSTO KATIA LOCATELLI;RUA CEARA,1661;;VILA CELIA;CAMPO GRANDE;MS;Gasolina C Comum;4,057;23/07/2018 15:59
24601882000109;POSTO KATIA LOCATELLI;RUA CEARA,1661;;VILA CELIA;CAMPO GRANDE;MS;Etanol;2,997;23/07/2018 15:59
24601882000109;POSTO KATIA LOCATELLI;RUA CEARA,1661;;VILA CELIA;CAMPO GRANDE;MS;Diesel S10;3,497;23/07/2018 15:59
24610891000166;POSTO CAMPO GRANDE;AVENIDA CAPIBARIBE,327;;SILVIA REGINA;CAMPO GRANDE;MS;Gasolina C Comum;4,089;29/06/2018 18:31
24610891000166;POSTO CAMPO GRANDE;AVENIDA CAPIBARIBE,327;;SILVIA REGINA;CAMPO GRANDE;MS;Etanol;3,299;29/06/2018 18:31
24610891000166;POSTO CAMPO GRANDE;AVENIDA CAPIBARIBE,327;;SILVIA REGINA;CAMPO GRANDE;MS;Diesel S500;3,429;29/06/2018 18:31
24610891000166;POSTO CAMPO GRANDE;AVENIDA CAPIBARIBE,327;;SILVIA REGINA;CAMPO GRANDE;MS;Diesel S10;3,499;29/06/2018 18:31
24624785000131;POSTINHO;AVENIDA DO POETA,990;;DO DESBARRANCADO;CAMPO GRANDE;MS;Gasolina C Comum;4,299;25/10/2018 18:50
24624785000131;POSTINHO;AVENIDA DO POETA,990;;DO DESBARRANCADO;CAMPO GRANDE;MS;Etanol;3,299;25/10/2018 18:50
24624785000131;POSTINHO;AVENIDA DO POETA,990;;DO DESBARRANCADO;CAMPO GRANDE;MS;Diesel S500;3,799;25/10/2018 18:50
24624785000131;POSTINHO;AVENIDA DO POETA,990;;DO DESBARRANCADO;CAMPO GRANDE;MS;Diesel S10;3,859;25/10/2018 18:50
24725400000122;POSTO CORONEL;RODOVIA MT 320 KM 33,S/N;;ZONA RURAL;COLIDER;MT;Gasolina C Comum;4,92;15/08/2018 09:15
24725400000122;POSTO CORONEL;RODOVIA MT 320 KM 33,S/N;;ZONA RURAL;COLIDER;MT;Etanol;2,97;15/08/2018 09:15
24725400000122;POSTO CORONEL;RODOVIA MT 320 KM 33,S/N;;ZONA RURAL;COLIDER;MT;Diesel S500;3,87;15/08/2018 09:15
24725400000122;POSTO CORONEL;RODOVIA MT 320 KM 33,S/N;;ZONA RURAL;COLIDER;MT;Diesel S10;3,99;15/08/2018 09:15
25240709000195;POSTO INTERLAGOS;RUA ALMEIDA,700;QUADRA0082                LOTE  010E;VILA JARDIM RIO CLARO;JATAI;GO;Gasolina C Comum;5,15;01/10/2018 16:09
25240709000195;POSTO INTERLAGOS;RUA ALMEIDA,700;QUADRA0082                LOTE  010E;VILA JARDIM RIO CLARO;JATAI;GO;Etanol;3,12;01/10/2018 16:09
25240709000195;POSTO INTERLAGOS;RUA ALMEIDA,700;QUADRA0082                LOTE  010E;VILA JARDIM RIO CLARO;JATAI;GO;Diesel S500;3,99;01/10/2018 16:09
25240709000195;POSTO INTERLAGOS;RUA ALMEIDA,700;QUADRA0082                LOTE  010E;VILA JARDIM RIO CLARO;JATAI;GO;Diesel S10;4,09;01/10/2018 16:09
25865312000199;POSTOS SR;AVENIDA COLUMBIA,540;;RIACHO DAS PEDRAS;CONTAGEM;MG;Gasolina C Comum;4,677;21/06/2018 11:09
25865312000199;POSTOS SR;AVENIDA COLUMBIA,540;;RIACHO DAS PEDRAS;CONTAGEM;MG;Etanol;2,998;21/06/2018 11:09
25865312000199;POSTOS SR;AVENIDA COLUMBIA,540;;RIACHO DAS PEDRAS;CONTAGEM;MG;Diesel S500;3,439;21/06/2018 11:09
25865312000199;POSTOS SR;AVENIDA COLUMBIA,540;;RIACHO DAS PEDRAS;CONTAGEM;MG;Diesel S10;3,499;21/06/2018 11:09
26529830000285;AUTO POSTO VO CLOVIS LTDA;RUA WALDEMAR RANGRAB,2050;;PEPERI;SAO MIGUEL DO OESTE;SC;Gasolina C Comum;4,399;25/09/2018 08:23
26529830000285;AUTO POSTO VO CLOVIS LTDA;RUA WALDEMAR RANGRAB,2050;;PEPERI;SAO MIGUEL DO OESTE;SC;Diesel S500;3,399;25/09/2018 08:23
26529830000285;AUTO POSTO VO CLOVIS LTDA;RUA WALDEMAR RANGRAB,2050;;PEPERI;SAO MIGUEL DO OESTE;SC;Diesel S10;3,449;25/09/2018 08:23
26529830000447;AUTO POSTO VO CLOVIS LTDA;RUA BARAO DO RIO BRANCO,165;;CENTRO;BRUSQUE;SC;Gasolina C Comum;4,09;24/09/2018 14:28
26529830000447;AUTO POSTO VO CLOVIS LTDA;RUA BARAO DO RIO BRANCO,165;;CENTRO;BRUSQUE;SC;Diesel S10;3,39;24/09/2018 14:28
26602128000119;POSTO NOVO CEU;RODOVIA MT 320,S/N;KM 79;TREVO CANAA;NOVA CANAA DO NORTE;MT;Gasolina C Comum;5,18;13/09/2018 13:27
26602128000119;POSTO NOVO CEU;RODOVIA MT 320,S/N;KM 79;TREVO CANAA;NOVA CANAA DO NORTE;MT;Etanol;3,18;02/10/2018 12:43
26602128000119;POSTO NOVO CEU;RODOVIA MT 320,S/N;KM 79;TREVO CANAA;NOVA CANAA DO NORTE;MT;Diesel S500;4,28;02/10/2018 12:43
26602128000119;POSTO NOVO CEU;RODOVIA MT 320,S/N;KM 79;TREVO CANAA;NOVA CANAA DO NORTE;MT;Diesel S10;4,4;02/10/2018 12:43
27336719000154;POSTO TOTAL;RUA CONSELHEIRO PORTELA,210;;ESPINHEIRO;RECIFE;PE;Gasolina C Comum;4,699;17/10/2018 12:25
27336719000154;POSTO TOTAL;RUA CONSELHEIRO PORTELA,210;;ESPINHEIRO;RECIFE;PE;Etanol;3,499;17/10/2018 12:25
27444236000173;AUTO POSTO GAUCHINHO;RUA MAJOR CARLOS DA SILVA,1131;;VILA JUQUITA;MARACAJU;MS;Gasolina C Comum;4,469;27/06/2018 12:00
27444236000173;AUTO POSTO GAUCHINHO;RUA MAJOR CARLOS DA SILVA,1131;;VILA JUQUITA;MARACAJU;MS;Etanol;3,399;27/06/2018 12:00
27444236000173;AUTO POSTO GAUCHINHO;RUA MAJOR CARLOS DA SILVA,1131;;VILA JUQUITA;MARACAJU;MS;Diesel S500;3,54;27/06/2018 12:00
27444236000173;AUTO POSTO GAUCHINHO;RUA MAJOR CARLOS DA SILVA,1131;;VILA JUQUITA;MARACAJU;MS;Diesel S10;3,6;27/06/2018 12:00
28771931000102;MANANCIAL COMERCIO DE COMBUSTIVEIS;RUA 21,1380;QUADRA42                  LOTE  01;CENTRO;EDEALINA;GO;Gasolina C Comum;4,799;04/10/2018 09:17
28771931000102;MANANCIAL COMERCIO DE COMBUSTIVEIS;RUA 21,1380;QUADRA42                  LOTE  01;CENTRO;EDEALINA;GO;Etanol;2,889;04/10/2018 09:17
28771931000102;MANANCIAL COMERCIO DE COMBUSTIVEIS;RUA 21,1380;QUADRA42                  LOTE  01;CENTRO;EDEALINA;GO;Diesel S500;3,699;04/10/2018 09:17
28771931000102;MANANCIAL COMERCIO DE COMBUSTIVEIS;RUA 21,1380;QUADRA42                  LOTE  01;CENTRO;EDEALINA;GO;Diesel S10;3,799;04/10/2018 09:17
28861014000119;POSTO SAM;ESTRADA DE RIBAMAR,11;;VILA KIOLA;SAO JOSE DE RIBAMAR;MA;Gasolina C Comum;4,099;13/07/2018 11:28
28861014000119;POSTO SAM;ESTRADA DE RIBAMAR,11;;VILA KIOLA;SAO JOSE DE RIBAMAR;MA;Diesel S10;3,399;13/07/2018 11:28
29402611000148;GTX;AVENIDA BRIGADEIRO JOSE VICENTE DE FARIA LIMA,815;;JARDIM MARIA AUGUSTA;TAUBATE;SP;Gasolina C Comum;4,379;22/10/2018 10:18
29402611000148;GTX;AVENIDA BRIGADEIRO JOSE VICENTE DE FARIA LIMA,815;;JARDIM MARIA AUGUSTA;TAUBATE;SP;Etanol;2,799;22/10/2018 10:18
29402611000148;GTX;AVENIDA BRIGADEIRO JOSE VICENTE DE FARIA LIMA,815;;JARDIM MARIA AUGUSTA;TAUBATE;SP;Diesel S10;3,559;17/09/2018 17:26
30701345000133;POSTOS MAX;AVENIDA BRASIL,588;;CENTRO;PASSO FUNDO;RS;Gasolina C Comum;4,759;25/09/2018 09:01
30701345000133;POSTOS MAX;AVENIDA BRASIL,588;;CENTRO;PASSO FUNDO;RS;Diesel S10;3,499;25/09/2018 09:01
31372642000145;REMAN COMERCIO DE PETROLEO LTDA;AVENIDA MARECHAL ALENCASTRO,3571;;ANCHIETA;RIO DE JANEIRO;RJ;Gasolina C Comum;4,678;12/07/2018 11:32
31372642000145;REMAN COMERCIO DE PETROLEO LTDA;AVENIDA MARECHAL ALENCASTRO,3571;;ANCHIETA;RIO DE JANEIRO;RJ;Etanol;3,168;12/07/2018 11:32
31372642000145;REMAN COMERCIO DE PETROLEO LTDA;AVENIDA MARECHAL ALENCASTRO,3571;;ANCHIETA;RIO DE JANEIRO;RJ;Diesel S10;3,288;12/07/2018 11:32
31372642000145;REMAN COMERCIO DE PETROLEO LTDA;AVENIDA MARECHAL ALENCASTRO,3571;;ANCHIETA;RIO DE JANEIRO;RJ;Diesel S500;3,288;12/07/2018 11:33
33201971000159;POSTO DE GASOLINA JUREMA LTDA;RUA CONDE DE BONFIM,734;;TIJUCA;RIO DE JANEIRO;RJ;Gasolina C Comum;5,259;19/09/2018 12:17
33201971000159;POSTO DE GASOLINA JUREMA LTDA;RUA CONDE DE BONFIM,734;;TIJUCA;RIO DE JANEIRO;RJ;Etanol;3,699;08/10/2018 16:41
33201971000159;POSTO DE GASOLINA JUREMA LTDA;RUA CONDE DE BONFIM,734;;TIJUCA;RIO DE JANEIRO;RJ;Diesel S10;3,892;08/10/2018 16:41
33250929000128;POSTO IATE COMBUSTIVEIS E LUBRIFICANTES LTDA;AVENIDA PASTEUR,S/N;INTERIOR DO ICRJ;URCA;RIO DE JANEIRO;RJ;Gasolina C Comum;5,199;01/11/2018 11:20
33517491000100;POSTO DE LUBRIFICAÇÃO COMODORO LTDA;RUA SENADOR VERGUEIRO,9; ;FLAMENGO;RIO DE JANEIRO;RJ;Gasolina C Comum;5,348;20/10/2018 15:44
33517491000100;POSTO DE LUBRIFICAÇÃO COMODORO LTDA;RUA SENADOR VERGUEIRO,9; ;FLAMENGO;RIO DE JANEIRO;RJ;Etanol;3,598;20/10/2018 15:44
33785148000138;AUTO POSTO PIT-STOP LTDA.;AVENIDA PRESIDENTE VARGAS,1460;;CENTRO;DOURADOS;MS;Gasolina C Comum;4,399;16/07/2018 12:49
33785148000138;AUTO POSTO PIT-STOP LTDA.;AVENIDA PRESIDENTE VARGAS,1460;;CENTRO;DOURADOS;MS;Etanol;3,329;11/07/2018 11:55
33785148000138;AUTO POSTO PIT-STOP LTDA.;AVENIDA PRESIDENTE VARGAS,1460;;CENTRO;DOURADOS;MS;Diesel S500;3,638;04/07/2018 17:33
33785148000138;AUTO POSTO PIT-STOP LTDA.;AVENIDA PRESIDENTE VARGAS,1460;;CENTRO;DOURADOS;MS;Diesel S10;3,719;04/07/2018 17:33
33885534000100;POSTO LEAO;RUA FLORES DA CUNHA,25;SALA;CENTRO;MACAUBAS;BA;Gasolina C Comum;5,199;19/09/2018 17:21
33885534000100;POSTO LEAO;RUA FLORES DA CUNHA,25;SALA;CENTRO;MACAUBAS;BA;Etanol;3,599;19/09/2018 17:21
33885534000100;POSTO LEAO;RUA FLORES DA CUNHA,25;SALA;CENTRO;MACAUBAS;BA;Diesel S500;3,999;19/09/2018 17:21
33885534000100;POSTO LEAO;RUA FLORES DA CUNHA,25;SALA;CENTRO;MACAUBAS;BA;Diesel S10;4,099;19/09/2018 17:21
34002337000150;POSTOS IATE COMERCIO E SERVICOS LTDA;AVENIDA REPORT NESTOR MOREIRA,41;;BOTAFOGO;RIO DE JANEIRO;RJ;Gasolina C Comum;5,199;01/11/2018 11:18
34002337000150;POSTOS IATE COMERCIO E SERVICOS LTDA;AVENIDA REPORT NESTOR MOREIRA,41;;BOTAFOGO;RIO DE JANEIRO;RJ;Etanol;3,999;01/11/2018 11:18
34002337000150;POSTOS IATE COMERCIO E SERVICOS LTDA;AVENIDA REPORT NESTOR MOREIRA,41;;BOTAFOGO;RIO DE JANEIRO;RJ;Diesel S10;3,825;01/11/2018 11:18
34147157000166;AUTO POSTO EXCEDE LTDA;AVENIDA EPITACIO PESSOA,4630;;LAGOA;RIO DE JANEIRO;RJ;Gasolina C Comum;5,199;01/11/2018 11:16
34147157000166;AUTO POSTO EXCEDE LTDA;AVENIDA EPITACIO PESSOA,4630;;LAGOA;RIO DE JANEIRO;RJ;Etanol;3,899;01/11/2018 11:16
34147157000166;AUTO POSTO EXCEDE LTDA;AVENIDA EPITACIO PESSOA,4630;;LAGOA;RIO DE JANEIRO;RJ;Diesel S10;3,839;01/11/2018 11:16
36990794000125;AUTO POSTO COIMBRA;AVENIDA ARAGUAIA,1462;QUADRA 97 LOTES 1 E 2;INDUSTRIAL;ARAGUATINS;TO;Gasolina C Comum;5,2;27/09/2018 08:26
36990794000125;AUTO POSTO COIMBRA;AVENIDA ARAGUAIA,1462;QUADRA 97 LOTES 1 E 2;INDUSTRIAL;ARAGUATINS;TO;Etanol;3,85;27/09/2018 08:26
36990794000125;AUTO POSTO COIMBRA;AVENIDA ARAGUAIA,1462;QUADRA 97 LOTES 1 E 2;INDUSTRIAL;ARAGUATINS;TO;Diesel S500;3,78;27/09/2018 08:26
36990794000125;AUTO POSTO COIMBRA;AVENIDA ARAGUAIA,1462;QUADRA 97 LOTES 1 E 2;INDUSTRIAL;ARAGUATINS;TO;Diesel S10;3,81;27/09/2018 08:26
37563426000163;POSTO CARAZINHO;RUA PREFEITO THEOFANES,2691;;CENTRO;RIO BRILHANTE;MS;Gasolina C Comum;4,59;27/06/2018 12:39
37563426000163;POSTO CARAZINHO;RUA PREFEITO THEOFANES,2691;;CENTRO;RIO BRILHANTE;MS;Etanol;3,49;27/06/2018 12:39
37563426000163;POSTO CARAZINHO;RUA PREFEITO THEOFANES,2691;;CENTRO;RIO BRILHANTE;MS;Diesel S500;3,69;27/06/2018 12:39
37563426000163;POSTO CARAZINHO;RUA PREFEITO THEOFANES,2691;;CENTRO;RIO BRILHANTE;MS;Diesel S10;3,8;27/06/2018 12:39
37563426000244;POSTO TCHE;RUA BENJAMIN CONSTANT,2054;;BAIRRO NORTE;RIO BRILHANTE;MS;Gasolina C Comum;4,69;27/06/2018 13:00
37563426000244;POSTO TCHE;RUA BENJAMIN CONSTANT,2054;;BAIRRO NORTE;RIO BRILHANTE;MS;Etanol;3,49;27/06/2018 13:00
37563426000244;POSTO TCHE;RUA BENJAMIN CONSTANT,2054;;BAIRRO NORTE;RIO BRILHANTE;MS;Diesel S500;3,69;27/06/2018 13:00
37563426000244;POSTO TCHE;RUA BENJAMIN CONSTANT,2054;;BAIRRO NORTE;RIO BRILHANTE;MS;Diesel S10;3,8;27/06/2018 13:00
40296824000175;KEM COM REP TRANSP SERV EXP IMP PROD DERV PETROLEO LTDA; ETR  MARECHAL ALENCASTRO,3660;;ANCHIETA;RIO DE JANEIRO;RJ;Gasolina C Comum;4,969;02/11/2018 15:02
40296824000175;KEM COM REP TRANSP SERV EXP IMP PROD DERV PETROLEO LTDA; ETR  MARECHAL ALENCASTRO,3660;;ANCHIETA;RIO DE JANEIRO;RJ;Etanol;3,754;23/10/2018 17:58
40296824000175;KEM COM REP TRANSP SERV EXP IMP PROD DERV PETROLEO LTDA; ETR  MARECHAL ALENCASTRO,3660;;ANCHIETA;RIO DE JANEIRO;RJ;GNV;2,692;23/10/2018 17:58
40296824000175;KEM COM REP TRANSP SERV EXP IMP PROD DERV PETROLEO LTDA; ETR  MARECHAL ALENCASTRO,3660;;ANCHIETA;RIO DE JANEIRO;RJ;Diesel S500;3,799;02/11/2018 15:02
40296824000175;KEM COM REP TRANSP SERV EXP IMP PROD DERV PETROLEO LTDA; ETR  MARECHAL ALENCASTRO,3660;;ANCHIETA;RIO DE JANEIRO;RJ;Diesel S10;3,898;02/11/2018 15:02
41526112000168;POSTO SAO JOSE;RODOVIA BR 142,S/N;KM 01;ZONA RURAL;PIO IX;PI;Gasolina C Comum;4,9;24/07/2018 09:28
41526112000168;POSTO SAO JOSE;RODOVIA BR 142,S/N;KM 01;ZONA RURAL;PIO IX;PI;Diesel S10;3,55;24/07/2018 09:28
41798398000130;POSTO LAMPARINA;RODOVIA BR 135,SN;"KM: 510;";CENTRO;BUENOPOLIS;MG;Gasolina C Comum;5,149;08/10/2018 17:38
41798398000130;POSTO LAMPARINA;RODOVIA BR 135,SN;"KM: 510;";CENTRO;BUENOPOLIS;MG;Etanol;3,569;08/10/2018 17:38
41798398000130;POSTO LAMPARINA;RODOVIA BR 135,SN;"KM: 510;";CENTRO;BUENOPOLIS;MG;Diesel S10;3,989;08/10/2018 17:38
48299440000118;KOIKE, KOIKE & CIA LTDA;AVENIDA IRMAS CINTRA,525;;CENTRO;SAO MANUEL;SP;Gasolina C Comum;4,5;20/06/2018 13:27
48299440000118;KOIKE, KOIKE & CIA LTDA;AVENIDA IRMAS CINTRA,525;;CENTRO;SAO MANUEL;SP;Etanol;2,98;20/06/2018 13:27
48299440000118;KOIKE, KOIKE & CIA LTDA;AVENIDA IRMAS CINTRA,525;;CENTRO;SAO MANUEL;SP;Diesel S500;3,41;20/06/2018 13:27
53328944000159;AUTO POSTO BANDEIRA;AVENIDA JOAO PESSOA,1426;;PEDREGULHO;GUARATINGUETA;SP;Gasolina C Comum;4,699;22/10/2018 09:55
53328944000159;AUTO POSTO BANDEIRA;AVENIDA JOAO PESSOA,1426;;PEDREGULHO;GUARATINGUETA;SP;Etanol;2,999;22/10/2018 09:55
53328944000159;AUTO POSTO BANDEIRA;AVENIDA JOAO PESSOA,1426;;PEDREGULHO;GUARATINGUETA;SP;Diesel S500;3,507;22/10/2018 09:55
53328944000159;AUTO POSTO BANDEIRA;AVENIDA JOAO PESSOA,1426;;PEDREGULHO;GUARATINGUETA;SP;Diesel S10;3,709;17/09/2018 17:09
58662446000161;AUTO POSTO 4R LTDA.;RODOVIA PRESIDENTE DUTRA,S/N;KM 124;CAMPO GRANDE;CACAPAVA;SP;Gasolina C Comum;4,377;22/10/2018 10:06
58662446000161;AUTO POSTO 4R LTDA.;RODOVIA PRESIDENTE DUTRA,S/N;KM 124;CAMPO GRANDE;CACAPAVA;SP;Etanol;2,799;22/10/2018 10:06
58662446000161;AUTO POSTO 4R LTDA.;RODOVIA PRESIDENTE DUTRA,S/N;KM 124;CAMPO GRANDE;CACAPAVA;SP;Diesel S500;3,52;22/10/2018 10:06
58662446000161;AUTO POSTO 4R LTDA.;RODOVIA PRESIDENTE DUTRA,S/N;KM 124;CAMPO GRANDE;CACAPAVA;SP;Diesel S10;3,621;22/10/2018 10:06
61109229000153;AUTO POSTO DA FÉ LTDA;AVENIDA CONSELHEIRO CARRÃO,3481; ;VILA CARRÃO;SAO PAULO;SP;Gasolina C Comum;4,299;31/07/2018 11:38
61109229000153;AUTO POSTO DA FÉ LTDA;AVENIDA CONSELHEIRO CARRÃO,3481; ;VILA CARRÃO;SAO PAULO;SP;Etanol;2,599;31/07/2018 11:38
61109229000153;AUTO POSTO DA FÉ LTDA;AVENIDA CONSELHEIRO CARRÃO,3481; ;VILA CARRÃO;SAO PAULO;SP;Diesel S10;3,439;31/07/2018 11:38
70056510000166;POSTO GONZAGAO;RODOVIA ASA BRANCA BR 122 KM 38,SN;;CENTRO;EXU;PE;Gasolina C Comum;4,975;08/10/2018 12:08
70056510000166;POSTO GONZAGAO;RODOVIA ASA BRANCA BR 122 KM 38,SN;;CENTRO;EXU;PE;Etanol;3,99;08/10/2018 12:08
70056510000166;POSTO GONZAGAO;RODOVIA ASA BRANCA BR 122 KM 38,SN;;CENTRO;EXU;PE;Diesel S10;3,925;08/10/2018 12:08
72408842000198;ALG POSTO DE ABASTECIMENTO E SERVICOS LTDA;AVENIDA DOS DEMOCRATICOS,1400;;BONSUCESSO;RIO DE JANEIRO;RJ;Gasolina C Comum;4,999;01/11/2018 11:07
72408842000198;ALG POSTO DE ABASTECIMENTO E SERVICOS LTDA;AVENIDA DOS DEMOCRATICOS,1400;;BONSUCESSO;RIO DE JANEIRO;RJ;Etanol;3,849;01/11/2018 11:07
72408842000198;ALG POSTO DE ABASTECIMENTO E SERVICOS LTDA;AVENIDA DOS DEMOCRATICOS,1400;;BONSUCESSO;RIO DE JANEIRO;RJ;GNV;2,749;01/11/2018 11:07
72408842000198;ALG POSTO DE ABASTECIMENTO E SERVICOS LTDA;AVENIDA DOS DEMOCRATICOS,1400;;BONSUCESSO;RIO DE JANEIRO;RJ;Diesel S10;3,789;01/11/2018 11:07
75474288000135;COMERCIAL DE COMBUSTIVEIS TREZEMAINHENSE LTDA;AVENIDA ADEMAR GHIZI,SN;;CENTRO;TREZE DE MAIO;SC;Gasolina C Comum;4,479;22/08/2018 18:39
75474288000135;COMERCIAL DE COMBUSTIVEIS TREZEMAINHENSE LTDA;AVENIDA ADEMAR GHIZI,SN;;CENTRO;TREZE DE MAIO;SC;Etanol;3,929;22/08/2018 18:39
75474288000135;COMERCIAL DE COMBUSTIVEIS TREZEMAINHENSE LTDA;AVENIDA ADEMAR GHIZI,SN;;CENTRO;TREZE DE MAIO;SC;Diesel S500;3,329;22/08/2018 18:39
80806904000148;POSTOS MAX;AVENIDA MARINHEIRO MAX SCHRAMM,2586;;ESTREITO;FLORIANOPOLIS;SC;Gasolina C Comum;4,199;25/09/2018 09:02
80806904000148;POSTOS MAX;AVENIDA MARINHEIRO MAX SCHRAMM,2586;;ESTREITO;FLORIANOPOLIS;SC;Diesel S10;3,499;25/09/2018 09:02
83392050000199;POSTO ZANDONA 12;RUA DR PEDRO ZIMMERMANN,2600;;ITOUPAVA CENTRAL;BLUMENAU;SC;Gasolina C Comum;4,097;25/06/2018 11:09
83392050000199;POSTO ZANDONA 12;RUA DR PEDRO ZIMMERMANN,2600;;ITOUPAVA CENTRAL;BLUMENAU;SC;Etanol;3,497;25/06/2018 11:09
83392050000199;POSTO ZANDONA 12;RUA DR PEDRO ZIMMERMANN,2600;;ITOUPAVA CENTRAL;BLUMENAU;SC;GNV;2,197;25/06/2018 11:09
83392050000199;POSTO ZANDONA 12;RUA DR PEDRO ZIMMERMANN,2600;;ITOUPAVA CENTRAL;BLUMENAU;SC;Diesel S500;3,437;25/06/2018 11:09
83392050000199;POSTO ZANDONA 12;RUA DR PEDRO ZIMMERMANN,2600;;ITOUPAVA CENTRAL;BLUMENAU;SC;Diesel S10;3,537;25/06/2018 11:09
83607333000100;POSTO OURO VERDE LTDA;RUA SANTA CATARINA,616;;CENTRO;OURO VERDE;SC;Gasolina C Comum;4,58;29/08/2018 10:34
83607333000100;POSTO OURO VERDE LTDA;RUA SANTA CATARINA,616;;CENTRO;OURO VERDE;SC;Diesel S500;3,79;29/08/2018 10:34
83607333000100;POSTO OURO VERDE LTDA;RUA SANTA CATARINA,616;;CENTRO;OURO VERDE;SC;Diesel S10;3,89;29/08/2018 10:34
84437136000153;POSTO MARECHAL;AVENIDA MARECHAL DEODORO DA FONSECA,961;;CENTRO;JARAGUA DO SUL;SC;Gasolina C Comum;4,175;13/07/2018 08:55
84437136000153;POSTO MARECHAL;AVENIDA MARECHAL DEODORO DA FONSECA,961;;CENTRO;JARAGUA DO SUL;SC;Etanol;3,375;13/07/2018 08:55
84437136000153;POSTO MARECHAL;AVENIDA MARECHAL DEODORO DA FONSECA,961;;CENTRO;JARAGUA DO SUL;SC;Diesel S10;3,335;13/07/2018 08:55
87012050000177;POSTO COOMOCA;RUA MIGUEL LORETO SOBRINHO,28;ESQUINA COM BR 153;DISTRITO INDUSTRIAL;CACHOEIRA DO SUL;RS;Gasolina C Comum;4;13/07/2018 10:57
87012050000177;POSTO COOMOCA;RUA MIGUEL LORETO SOBRINHO,28;ESQUINA COM BR 153;DISTRITO INDUSTRIAL;CACHOEIRA DO SUL;RS;Etanol;3;13/07/2018 10:57
87012050000177;POSTO COOMOCA;RUA MIGUEL LORETO SOBRINHO,28;ESQUINA COM BR 153;DISTRITO INDUSTRIAL;CACHOEIRA DO SUL;RS;Diesel S500;3;13/07/2018 10:57
87012050000177;POSTO COOMOCA;RUA MIGUEL LORETO SOBRINHO,28;ESQUINA COM BR 153;DISTRITO INDUSTRIAL;CACHOEIRA DO SUL;RS;Diesel S10;3;13/07/2018 10:57
91424135000130;ABASTECEDORA TRES AMIGOS LTDA;RODOVIA BR-116,7455;;ROSELANDIA;NOVO HAMBURGO;RS;Gasolina C Comum;4,599;14/07/2018 10:17
91424135000130;ABASTECEDORA TRES AMIGOS LTDA;RODOVIA BR-116,7455;;ROSELANDIA;NOVO HAMBURGO;RS;GNV;2,899;14/07/2018 10:17
91424135000130;ABASTECEDORA TRES AMIGOS LTDA;RODOVIA BR-116,7455;;ROSELANDIA;NOVO HAMBURGO;RS;Diesel S500;3,199;14/07/2018 10:17
91424135000130;ABASTECEDORA TRES AMIGOS LTDA;RODOVIA BR-116,7455;;ROSELANDIA;NOVO HAMBURGO;RS;Diesel S10;3,299;14/07/2018 10:17
93777456000143;POSTO PAMPEANO II;AVENIDA PRESIDENTE KENNEDY,185;;VILA BATISTA;CACAPAVA DO SUL;RS;Gasolina C Comum;4,947;29/06/2018 12:01
93777456000143;POSTO PAMPEANO II;AVENIDA PRESIDENTE KENNEDY,185;;VILA BATISTA;CACAPAVA DO SUL;RS;Etanol;4,149;29/06/2018 12:01
93777456000143;POSTO PAMPEANO II;AVENIDA PRESIDENTE KENNEDY,185;;VILA BATISTA;CACAPAVA DO SUL;RS;Diesel S500;3,327;29/06/2018 12:01
93777456000143;POSTO PAMPEANO II;AVENIDA PRESIDENTE KENNEDY,185;;VILA BATISTA;CACAPAVA DO SUL;RS;Diesel S10;3,394;29/06/2018 12:01
